signal_date_index,signal_date,execution_date,return_period_end,direction,long_signal,short_signal,previous_position,new_position,applied_position,reason,event_type,entry,resize,reversal,exit,holding_period,execution_price,gross_return,turnover,opening_cost,closing_cost,cost,net_return
2016-01-08,2016-01-08,2016-01-08,2016-01-15,flat,False,False,0.0,0.0,0.0,no_signal,none,False,False,False,False,0,128.41799926757812,-0.0,0.0,0.0,0.0,0.0,-0.0
2016-01-15,2016-01-15,2016-01-15,2016-01-22,flat,False,False,0.0,0.0,0.0,no_signal,none,False,False,False,False,0,128.32899475097656,-0.0,0.0,0.0,0.0,0.0,-0.0
2016-01-22,2016-01-22,2016-01-22,2016-01-29,flat,False,False,0.0,0.0,0.0,no_signal,none,False,False,False,False,0,128.0399932861328,0.0,0.0,0.0,0.0,0.0,0.0
2016-01-29,2016-01-29,2016-01-29,2016-02-05,long,True,False,0.0,2.0,0.0,long_signal,entry,True,False,False,False,1,130.0399932861328,0.0,2.0,0.0,0.0,0.0,0.0
2016-02-05,2016-02-05,2016-02-05,2016-02-12,long,False,False,2.0,2.0,2.0,hold,hold,False,False,False,False,2,130.8699951171875,-0.015894630210390837,0.0,0.0,0.0,0.0,-0.015894630210390837
2016-02-12,2016-02-12,2016-02-12,2016-02-19,long,False,False,2.0,1.4583326711789832,2.0,hold,resize,False,True,False,False,3,127.30500030517578,-0.04200440434758357,0.5416673288210168,0.0,0.0,0.0,-0.04200440434758357
2016-02-19,2016-02-19,2016-02-19,2016-02-26,long,False,False,1.4583326711789832,1.3525497920845981,1.4583326711789832,hold,resize,False,True,False,False,4,125.78500366210938,-0.027924628419941748,0.10578287909438511,0.0,0.0,0.0,-0.027924628419941748
2016-02-26,2016-02-26,2016-02-26,2016-03-04,flat,False,False,1.3525497920845981,0.0,1.3525497920845981,max_holding_period,exit,False,False,False,True,0,124.66899871826172,-0.009943609862508312,1.3525497920845981,0.0,0.0,0.0,-0.009943609862508312
2016-03-04,2016-03-04,2016-03-04,2016-03-11,flat,False,False,0.0,0.0,0.0,no_signal,none,False,False,False,False,0,124.43000030517578,0.0,0.0,0.0,0.0,0.0,0.0
2016-03-11,2016-03-11,2016-03-11,2016-03-18,flat,False,False,0.0,0.0,0.0,no_signal,none,False,False,False,False,0,126.14099884033205,0.0,0.0,0.0,0.0,0.0,0.0
2016-03-18,2016-03-18,2016-03-18,2016-03-25,flat,False,False,0.0,0.0,0.0,no_signal,none,False,False,False,False,0,125.98400115966795,-0.0,0.0,0.0,0.0,0.0,-0.0
2016-03-25,2016-03-25,2016-03-25,2016-04-01,flat,False,False,0.0,0.0,0.0,no_signal,none,False,False,False,False,0,125.97899627685548,0.0,0.0,0.0,0.0,0.0,0.0
2016-04-01,2016-04-01,2016-04-01,2016-04-08,flat,False,False,0.0,0.0,0.0,no_signal,none,False,False,False,False,0,128.00999450683594,0.0,0.0,0.0,0.0,0.0,0.0
2016-04-08,2016-04-08,2016-04-08,2016-04-15,flat,False,False,0.0,0.0,0.0,no_signal,none,False,False,False,False,0,123.28700256347656,-0.0,0.0,0.0,0.0,0.0,-0.0
2016-04-15,2016-04-15,2016-04-15,2016-04-22,flat,False,False,0.0,0.0,0.0,no_signal,none,False,False,False,False,0,123.16000366210938,-0.0,0.0,0.0,0.0,0.0,-0.0
2016-04-22,2016-04-22,2016-04-22,2016-04-29,flat,False,False,0.0,0.0,0.0,no_signal,none,False,False,False,False,0,123.5530014038086,0.0,0.0,0.0,0.0,0.0,0.0
2016-04-29,2016-04-29,2016-04-29,2016-05-06,flat,False,False,0.0,0.0,0.0,no_signal,none,False,False,False,False,0,122.73999786376952,-0.0,0.0,0.0,0.0,0.0,-0.0
2016-05-06,2016-05-06,2016-05-06,2016-05-13,flat,False,False,0.0,0.0,0.0,no_signal,none,False,False,False,False,0,122.322998046875,0.0,0.0,0.0,0.0,0.0,0.0
2016-05-13,2016-05-13,2016-05-13,2016-05-20,flat,False,False,0.0,0.0,0.0,no_signal,none,False,False,False,False,0,124.0999984741211,0.0,0.0,0.0,0.0,0.0,0.0
2016-05-20,2016-05-20,2016-05-20,2016-05-27,flat,False,False,0.0,0.0,0.0,no_signal,none,False,False,False,False,0,123.0999984741211,0.0,0.0,0.0,0.0,0.0,0.0
2016-05-27,2016-05-27,2016-05-27,2016-06-03,flat,False,False,0.0,0.0,0.0,no_signal,none,False,False,False,False,0,122.7750015258789,-0.0,0.0,0.0,0.0,0.0,-0.0
2016-06-03,2016-06-03,2016-06-03,2016-06-10,flat,False,False,0.0,0.0,0.0,no_signal,none,False,False,False,False,0,121.38700103759766,-0.0,0.0,0.0,0.0,0.0,-0.0
2016-06-10,2016-06-10,2016-06-10,2016-06-17,flat,False,False,0.0,0.0,0.0,no_signal,none,False,False,False,False,0,121.14299774169922,-0.0,0.0,0.0,0.0,0.0,-0.0
2016-06-17,2016-06-17,2016-06-17,2016-06-24,flat,False,False,0.0,0.0,0.0,no_signal,none,False,False,False,False,0,117.9000015258789,-0.0,0.0,0.0,0.0,0.0,-0.0
2016-06-24,2016-06-24,2016-06-24,2016-07-01,flat,False,False,0.0,0.0,0.0,no_signal,none,False,False,False,False,0,118.8040008544922,-0.0,0.0,0.0,0.0,0.0,-0.0
2016-07-01,2016-07-01,2016-07-01,2016-07-08,flat,False,False,0.0,0.0,0.0,no_signal,none,False,False,False,False,0,114.46099853515624,0.0,0.0,0.0,0.0,0.0,0.0
2016-07-08,2016-07-08,2016-07-08,2016-07-15,flat,False,False,0.0,0.0,0.0,no_signal,none,False,False,False,False,0,111.52999877929688,-0.0,0.0,0.0,0.0,0.0,-0.0
2016-07-15,2016-07-15,2016-07-15,2016-07-22,flat,False,False,0.0,0.0,0.0,no_signal,none,False,False,False,False,0,116.83000183105467,0.0,0.0,0.0,0.0,0.0,0.0
2016-07-22,2016-07-22,2016-07-22,2016-07-29,flat,False,False,0.0,0.0,0.0,no_signal,none,False,False,False,False,0,116.71900177001952,-0.0,0.0,0.0,0.0,0.0,-0.0
2016-07-29,2016-07-29,2016-07-29,2016-08-05,flat,False,False,0.0,0.0,0.0,no_signal,none,False,False,False,False,0,116.09100341796876,-0.0,0.0,0.0,0.0,0.0,-0.0
2016-08-05,2016-08-05,2016-08-05,2016-08-12,flat,False,False,0.0,0.0,0.0,no_signal,none,False,False,False,False,0,112.6729965209961,-0.0,0.0,0.0,0.0,0.0,-0.0
2016-08-12,2016-08-12,2016-08-12,2016-08-19,flat,False,False,0.0,0.0,0.0,no_signal,none,False,False,False,False,0,113.39700317382812,-0.0,0.0,0.0,0.0,0.0,-0.0
2016-08-19,2016-08-19,2016-08-19,2016-08-26,flat,False,False,0.0,0.0,0.0,no_signal,none,False,False,False,False,0,113.61199951171876,0.0,0.0,0.0,0.0,0.0,0.0
2016-08-26,2016-08-26,2016-08-26,2016-09-02,flat,False,False,0.0,0.0,0.0,no_signal,none,False,False,False,False,0,113.5009994506836,0.0,0.0,0.0,0.0,0.0,0.0
2016-09-02,2016-09-02,2016-09-02,2016-09-09,flat,False,False,0.0,0.0,0.0,no_signal,none,False,False,False,False,0,115.62999725341795,0.0,0.0,0.0,0.0,0.0,0.0
2016-09-09,2016-09-09,2016-09-09,2016-09-16,flat,False,False,0.0,0.0,0.0,no_signal,none,False,False,False,False,0,115.27999877929688,-0.0,0.0,0.0,0.0,0.0,-0.0
2016-09-16,2016-09-16,2016-09-16,2016-09-23,flat,False,False,0.0,0.0,0.0,no_signal,none,False,False,False,False,0,114.69000244140624,-0.0,0.0,0.0,0.0,0.0,-0.0
2016-09-23,2016-09-23,2016-09-23,2016-09-30,flat,False,False,0.0,0.0,0.0,no_signal,none,False,False,False,False,0,113.02100372314452,-0.0,0.0,0.0,0.0,0.0,-0.0
2016-09-30,2016-09-30,2016-09-30,2016-10-07,long,True,False,0.0,1.8385870546551422,0.0,long_signal,entry,True,False,False,False,1,113.53500366210938,0.0,1.8385870546551422,0.0,0.0,0.0,0.0
2016-10-07,2016-10-07,2016-10-07,2016-10-14,long,False,False,1.8385870546551422,1.7522459333106186,1.8385870546551422,hold,resize,False,True,False,False,2,115.6050033569336,0.020891897070349275,0.08634112134452354,0.0,0.0,0.0,0.020891897070349275
2016-10-14,2016-10-14,2016-10-14,2016-10-21,long,False,False,1.7522459333106186,1.8068747231003912,1.7522459333106186,hold,resize,False,True,False,False,3,114.58799743652344,-0.018502178330956822,0.05462878978977259,0.0,0.0,0.0,-0.018502178330956822
2016-10-21,2016-10-21,2016-10-21,2016-10-28,long,False,False,1.8068747231003912,1.8103758221814255,1.8068747231003912,hold,resize,False,True,False,False,4,113.78099822998048,-0.017113814064856913,0.0035010990810342424,0.0,0.0,0.0,-0.017113814064856913
2016-10-28,2016-10-28,2016-10-28,2016-11-04,flat,False,False,1.8103758221814255,0.0,1.8103758221814255,max_holding_period,exit,False,False,False,True,0,114.6439971923828,0.02858456438939509,1.8103758221814255,0.0,0.0,0.0,0.02858456438939509
2016-11-04,2016-11-04,2016-11-04,2016-11-11,flat,False,False,0.0,0.0,0.0,no_signal,none,False,False,False,False,0,114.38400268554688,0.0,0.0,0.0,0.0,0.0,0.0
2016-11-11,2016-11-11,2016-11-11,2016-11-18,long,True,False,0.0,2.0,0.0,long_signal,entry,True,False,False,False,1,116.35700225830078,0.0,2.0,0.0,0.0,0.0,0.0
2016-11-18,2016-11-18,2016-11-18,2016-11-25,long,True,False,2.0,2.0,2.0,hold,hold,False,False,False,False,2,117.09400177001952,0.030140654143187007,0.0,0.0,0.0,0.0,0.030140654143187007
2016-11-25,2016-11-25,2016-11-25,2016-12-02,short,False,True,2.0,-1.8744325465624485,2.0,opposing_short_signal,reversal,False,False,True,False,1,119.61900329589844,0.035928163169392846,3.8744325465624483,0.0,0.0,0.0,0.035928163169392846
2016-12-02,2016-12-02,2016-12-02,2016-12-09,short,False,True,-1.8744325465624485,-1.8810557454235561,-1.8744325465624485,hold,resize,False,True,False,False,2,121.44499969482422,-0.007402998702832416,0.0066231988611076265,0.0,0.0,0.0,-0.007402998702832416
2016-12-09,2016-12-09,2016-12-09,2016-12-16,short,False,False,-1.8810557454235561,-1.8959322372805623,-1.8810557454235561,hold,resize,False,True,False,False,3,121.1500015258789,-0.02734204302915733,0.014876491857006124,0.0,0.0,0.0,-0.02734204302915733
2016-12-16,2016-12-16,2016-12-16,2016-12-23,short,False,False,-1.8959322372805623,-1.3660845947420315,-1.8959322372805623,hold,resize,False,True,False,False,4,123.16300201416016,-0.02091781078307128,0.5298476425385308,0.0,0.0,0.0,-0.02091781078307128
2016-12-23,2016-12-23,2016-12-23,2016-12-30,flat,False,False,-1.3660845947420315,0.0,-1.3660845947420315,max_holding_period,exit,False,False,False,True,0,122.67400360107422,0.005072777540313668,1.3660845947420315,0.0,0.0,0.0,0.005072777540313668
2016-12-30,2016-12-30,2016-12-30,2017-01-06,flat,False,False,0.0,0.0,0.0,no_signal,none,False,False,False,False,0,122.9260025024414,0.0,0.0,0.0,0.0,0.0,0.0
2017-01-06,2017-01-06,2017-01-06,2017-01-13,flat,False,False,0.0,0.0,0.0,no_signal,none,False,False,False,False,0,122.2300033569336,0.0,0.0,0.0,0.0,0.0,0.0
2017-01-13,2017-01-13,2017-01-13,2017-01-20,flat,False,False,0.0,0.0,0.0,no_signal,none,False,False,False,False,0,121.70999908447266,-0.0,0.0,0.0,0.0,0.0,-0.0
2017-01-20,2017-01-20,2017-01-20,2017-01-27,flat,False,False,0.0,0.0,0.0,no_signal,none,False,False,False,False,0,122.52999877929688,0.0,0.0,0.0,0.0,0.0,0.0
2017-01-27,2017-01-27,2017-01-27,2017-02-03,flat,False,False,0.0,0.0,0.0,no_signal,none,False,False,False,False,0,122.26399993896484,0.0,0.0,0.0,0.0,0.0,0.0
2017-02-03,2017-02-03,2017-02-03,2017-02-10,flat,False,False,0.0,0.0,0.0,no_signal,none,False,False,False,False,0,121.36900329589844,-0.0,0.0,0.0,0.0,0.0,-0.0
2017-02-10,2017-02-10,2017-02-10,2017-02-17,flat,False,False,0.0,0.0,0.0,no_signal,none,False,False,False,False,0,120.89600372314452,-0.0,0.0,0.0,0.0,0.0,-0.0
2017-02-17,2017-02-17,2017-02-17,2017-02-24,long,True,False,0.0,2.0,0.0,long_signal,entry,True,False,False,False,1,120.91600036621094,-0.0,2.0,0.0,0.0,0.0,-0.0
2017-02-24,2017-02-24,2017-02-24,2017-03-03,long,False,False,2.0,2.0,2.0,hold,hold,False,False,False,False,2,119.26100158691406,-0.02674030595544785,0.0,0.0,0.0,0.0,-0.02674030595544785
2017-03-03,2017-03-03,2017-03-03,2017-03-10,long,False,False,2.0,2.0,2.0,hold,hold,False,False,False,False,3,120.13600158691406,0.042073341580758594,0.0,0.0,0.0,0.0,0.042073341580758594
2017-03-10,2017-03-10,2017-03-10,2017-03-17,long,False,False,2.0,1.6659721183200655,2.0,hold,resize,False,True,False,False,4,121.7959976196289,0.02998628785949986,0.33402788167993447,0.0,0.0,0.0,0.02998628785949986
2017-03-17,2017-03-17,2017-03-17,2017-03-24,flat,False,False,1.6659721183200655,0.0,1.6659721183200655,max_holding_period,exit,False,False,False,True,0,122.09600067138672,-0.022150986313850526,1.6659721183200655,0.0,0.0,0.0,-0.022150986313850526
2017-03-24,2017-03-24,2017-03-24,2017-03-31,flat,False,False,0.0,0.0,0.0,no_signal,none,False,False,False,False,0,119.6989974975586,-0.0,0.0,0.0,0.0,0.0,-0.0
2017-03-31,2017-03-31,2017-03-31,2017-04-07,flat,False,False,0.0,0.0,0.0,no_signal,none,False,False,False,False,0,119.44000244140624,-0.0,0.0,0.0,0.0,0.0,-0.0
2017-04-07,2017-04-07,2017-04-07,2017-04-14,flat,False,False,0.0,0.0,0.0,no_signal,none,False,False,False,False,0,118.03399658203124,-0.0,0.0,0.0,0.0,0.0,-0.0
2017-04-14,2017-04-14,2017-04-14,2017-04-21,flat,False,False,0.0,0.0,0.0,no_signal,none,False,False,False,False,0,115.8759994506836,-0.0,0.0,0.0,0.0,0.0,-0.0
2017-04-21,2017-04-21,2017-04-21,2017-04-28,flat,False,False,0.0,0.0,0.0,no_signal,none,False,False,False,False,0,117.19400024414062,0.0,0.0,0.0,0.0,0.0,0.0
2017-04-28,2017-04-28,2017-04-28,2017-05-05,flat,False,False,0.0,0.0,0.0,no_signal,none,False,False,False,False,0,120.83499908447266,0.0,0.0,0.0,0.0,0.0,0.0
2017-05-05,2017-05-05,2017-05-05,2017-05-12,flat,False,False,0.0,0.0,0.0,no_signal,none,False,False,False,False,0,123.58100128173828,0.0,0.0,0.0,0.0,0.0,0.0
2017-05-12,2017-05-12,2017-05-12,2017-05-19,flat,False,False,0.0,0.0,0.0,no_signal,none,False,False,False,False,0,123.64800262451172,0.0,0.0,0.0,0.0,0.0,0.0
2017-05-19,2017-05-19,2017-05-19,2017-05-26,flat,False,False,0.0,0.0,0.0,no_signal,none,False,False,False,False,0,123.8000030517578,0.0,0.0,0.0,0.0,0.0,0.0
2017-05-26,2017-05-26,2017-05-26,2017-06-02,flat,False,False,0.0,0.0,0.0,no_signal,none,False,False,False,False,0,125.2490005493164,-0.0,0.0,0.0,0.0,0.0,-0.0
2017-06-02,2017-06-02,2017-06-02,2017-06-09,flat,False,False,0.0,0.0,0.0,no_signal,none,False,False,False,False,0,124.95600128173828,0.0,0.0,0.0,0.0,0.0,0.0
2017-06-09,2017-06-09,2017-06-09,2017-06-16,flat,False,False,0.0,0.0,0.0,no_signal,none,False,False,False,False,0,122.8730010986328,-0.0,0.0,0.0,0.0,0.0,-0.0
2017-06-16,2017-06-16,2017-06-16,2017-06-23,flat,False,False,0.0,0.0,0.0,no_signal,none,False,False,False,False,0,123.66999816894533,0.0,0.0,0.0,0.0,0.0,0.0
2017-06-23,2017-06-23,2017-06-23,2017-06-30,flat,False,False,0.0,0.0,0.0,no_signal,none,False,False,False,False,0,124.05999755859376,0.0,0.0,0.0,0.0,0.0,0.0
2017-06-30,2017-06-30,2017-06-30,2017-07-07,flat,False,False,0.0,0.0,0.0,no_signal,none,False,False,False,False,0,128.12899780273438,0.0,0.0,0.0,0.0,0.0,0.0
2017-07-07,2017-07-07,2017-07-07,2017-07-14,flat,False,False,0.0,0.0,0.0,no_signal,none,False,False,False,False,0,129.26699829101562,0.0,0.0,0.0,0.0,0.0,0.0
2017-07-14,2017-07-14,2017-07-14,2017-07-21,flat,False,False,0.0,0.0,0.0,no_signal,none,False,False,False,False,0,129.3300018310547,-0.0,0.0,0.0,0.0,0.0,-0.0
2017-07-21,2017-07-21,2017-07-21,2017-07-28,flat,False,False,0.0,0.0,0.0,no_signal,none,False,False,False,False,0,130.1009979248047,0.0,0.0,0.0,0.0,0.0,0.0
2017-07-28,2017-07-28,2017-07-28,2017-08-04,flat,False,False,0.0,0.0,0.0,no_signal,none,False,False,False,False,0,129.85000610351562,0.0,0.0,0.0,0.0,0.0,0.0
2017-08-04,2017-08-04,2017-08-04,2017-08-11,flat,False,False,0.0,0.0,0.0,no_signal,none,False,False,False,False,0,130.58299255371094,0.0,0.0,0.0,0.0,0.0,0.0
2017-08-11,2017-08-11,2017-08-11,2017-08-18,flat,False,False,0.0,0.0,0.0,no_signal,none,False,False,False,False,0,128.41200256347656,-0.0,0.0,0.0,0.0,0.0,-0.0
2017-08-18,2017-08-18,2017-08-18,2017-08-25,flat,False,False,0.0,0.0,0.0,no_signal,none,False,False,False,False,0,128.07000732421875,-0.0,0.0,0.0,0.0,0.0,-0.0
2017-08-25,2017-08-25,2017-08-25,2017-09-01,flat,False,False,0.0,0.0,0.0,no_signal,none,False,False,False,False,0,129.17999267578125,0.0,0.0,0.0,0.0,0.0,0.0
2017-09-01,2017-09-01,2017-09-01,2017-09-08,flat,False,False,0.0,0.0,0.0,no_signal,none,False,False,False,False,0,131.16099548339844,-0.0,0.0,0.0,0.0,0.0,-0.0
2017-09-08,2017-09-08,2017-09-08,2017-09-15,flat,False,False,0.0,0.0,0.0,no_signal,none,False,False,False,False,0,130.22799682617188,-0.0,0.0,0.0,0.0,0.0,-0.0
2017-09-15,2017-09-15,2017-09-15,2017-09-22,flat,False,False,0.0,0.0,0.0,no_signal,none,False,False,False,False,0,131.03199768066406,0.0,0.0,0.0,0.0,0.0,0.0
2017-09-22,2017-09-22,2017-09-22,2017-09-29,flat,False,False,0.0,0.0,0.0,no_signal,none,False,False,False,False,0,134.322998046875,0.0,0.0,0.0,0.0,0.0,0.0
2017-09-29,2017-09-29,2017-09-29,2017-10-06,short,False,True,0.0,-1.2128895501665258,0.0,short_signal,entry,True,False,False,False,1,132.4969940185547,-0.0,1.2128895501665258,0.0,0.0,0.0,-0.0
2017-10-06,2017-10-06,2017-10-06,2017-10-13,short,False,True,-1.2128895501665258,-1.3416618751499094,-1.2128895501665258,hold,resize,False,True,False,False,2,132.0760040283203,0.008168446186785706,0.12877232498338365,0.0,0.0,0.0,0.008168446186785706
2017-10-13,2017-10-13,2017-10-13,2017-10-20,short,False,True,-1.3416618751499094,-1.323815206102004,-1.3416618751499094,hold,resize,False,True,False,False,3,132.77999877929688,-0.0002842749807024007,0.017846669047905328,0.0,0.0,0.0,-0.0002842749807024007
2017-10-20,2017-10-20,2017-10-20,2017-10-27,short,False,True,-1.323815206102004,-1.4987265501110802,-1.323815206102004,hold,resize,False,True,False,False,4,133.4929962158203,-0.018839368235708163,0.17491134400907615,0.0,0.0,0.0,-0.018839368235708163
2017-10-27,2017-10-27,2017-10-27,2017-11-03,flat,False,True,-1.4987265501110802,0.0,-1.4987265501110802,max_holding_period,exit,False,False,False,True,0,132.80299377441406,0.02361166951838876,1.4987265501110802,0.0,0.0,0.0,0.02361166951838876
2017-11-03,2017-11-03,2017-11-03,2017-11-10,short,False,True,0.0,-1.0537102845915585,0.0,short_signal,entry,True,False,False,False,1,132.91000366210938,0.0,1.0537102845915585,0.0,0.0,0.0,0.0
2017-11-10,2017-11-10,2017-11-10,2017-11-17,short,False,False,-1.0537102845915585,-1.00911023033412,-1.0537102845915585,hold,resize,False,True,False,False,2,132.0399932861328,0.0005005464499793969,0.044600054257438515,0.0,0.0,0.0,0.0005005464499793969
2017-11-17,2017-11-17,2017-11-17,2017-11-24,short,False,True,-1.00911023033412,-1.3130858757749233,-1.00911023033412,hold,resize,False,True,False,False,3,133.11399841308594,0.008769174105232593,0.30397564544080335,0.0,0.0,0.0,0.008769174105232593
2017-11-24,2017-11-24,2017-11-24,2017-12-01,short,False,False,-1.3130858757749233,-1.0427654358631222,-1.3130858757749233,hold,resize,False,True,False,False,4,131.83999633789062,-0.017575784346103813,0.2703204399118011,0.0,0.0,0.0,-0.017575784346103813
2017-12-01,2017-12-01,2017-12-01,2017-12-08,flat,False,False,-1.0427654358631222,0.0,-1.0427654358631222,max_holding_period,exit,False,False,False,True,0,133.91700744628906,-0.004776364542408747,1.0427654358631222,0.0,0.0,0.0,-0.004776364542408747
2017-12-08,2017-12-08,2017-12-08,2017-12-15,short,False,True,0.0,-1.3598538407416858,0.0,short_signal,entry,True,False,False,False,1,133.22999572753906,-0.0,1.3598538407416858,0.0,0.0,0.0,-0.0
2017-12-15,2017-12-15,2017-12-15,2017-12-22,short,False,False,-1.3598538407416858,-1.1396073102122237,-1.3598538407416858,hold,resize,False,True,False,False,2,132.33999633789062,0.012397678428504488,0.22024653052946208,0.0,0.0,0.0,0.012397678428504488
2017-12-22,2017-12-22,2017-12-22,2017-12-29,short,False,False,-1.1396073102122237,-1.4099225933972783,-1.1396073102122237,hold,resize,False,True,False,False,3,134.36000061035156,-0.015891426859497848,0.2703152831850546,0.0,0.0,0.0,-0.015891426859497848
2017-12-29,2017-12-29,2017-12-29,2018-01-05,short,False,False,-1.4099225933972783,-1.2253953698084128,-1.4099225933972783,hold,resize,False,True,False,False,4,134.7779998779297,-0.010651231524511542,0.18452722358886553,0.0,0.0,0.0,-0.010651231524511542
2018-01-05,2018-01-05,2018-01-05,2018-01-12,flat,False,False,-1.2253953698084128,0.0,-1.2253953698084128,max_holding_period,exit,False,False,False,True,0,136.1219940185547,-0.008598696711100877,1.2253953698084128,0.0,0.0,0.0,-0.008598696711100877
2018-01-12,2018-01-12,2018-01-12,2018-01-19,flat,False,False,0.0,0.0,0.0,no_signal,none,False,False,False,False,0,134.01400756835938,-0.0,0.0,0.0,0.0,0.0,-0.0
2018-01-19,2018-01-19,2018-01-19,2018-01-26,flat,False,False,0.0,0.0,0.0,no_signal,none,False,False,False,False,0,135.85000610351562,0.0,0.0,0.0,0.0,0.0,0.0
2018-01-26,2018-01-26,2018-01-26,2018-02-02,flat,False,False,0.0,0.0,0.0,no_signal,none,False,False,False,False,0,135.9459991455078,-0.0,0.0,0.0,0.0,0.0,-0.0
2018-02-02,2018-02-02,2018-02-02,2018-02-09,flat,False,False,0.0,0.0,0.0,no_signal,none,False,False,False,False,0,136.86199951171875,0.0,0.0,0.0,0.0,0.0,0.0
2018-02-09,2018-02-09,2018-02-09,2018-02-16,flat,False,False,0.0,0.0,0.0,no_signal,none,False,False,False,False,0,133.06399536132812,-0.0,0.0,0.0,0.0,0.0,-0.0
2018-02-16,2018-02-16,2018-02-16,2018-02-23,flat,False,False,0.0,0.0,0.0,no_signal,none,False,False,False,False,0,132.67300415039062,-0.0,0.0,0.0,0.0,0.0,-0.0
2018-02-23,2018-02-23,2018-02-23,2018-03-02,flat,False,False,0.0,0.0,0.0,no_signal,none,False,False,False,False,0,131.66099548339844,-0.0,0.0,0.0,0.0,0.0,-0.0
2018-03-02,2018-03-02,2018-03-02,2018-03-09,flat,False,False,0.0,0.0,0.0,no_signal,none,False,False,False,False,0,130.2729949951172,-0.0,0.0,0.0,0.0,0.0,-0.0
2018-03-09,2018-03-09,2018-03-09,2018-03-16,flat,False,False,0.0,0.0,0.0,no_signal,none,False,False,False,False,0,130.947998046875,0.0,0.0,0.0,0.0,0.0,0.0
2018-03-16,2018-03-16,2018-03-16,2018-03-23,flat,False,False,0.0,0.0,0.0,no_signal,none,False,False,False,False,0,130.82899475097656,-0.0,0.0,0.0,0.0,0.0,-0.0
2018-03-23,2018-03-23,2018-03-23,2018-03-30,flat,False,False,0.0,0.0,0.0,no_signal,none,False,False,False,False,0,129.36900329589844,-0.0,0.0,0.0,0.0,0.0,-0.0
2018-03-30,2018-03-30,2018-03-30,2018-04-06,flat,False,False,0.0,0.0,0.0,no_signal,none,False,False,False,False,0,130.9720001220703,0.0,0.0,0.0,0.0,0.0,0.0
2018-04-06,2018-04-06,2018-04-06,2018-04-13,flat,False,False,0.0,0.0,0.0,no_signal,none,False,False,False,False,0,131.14999389648438,0.0,0.0,0.0,0.0,0.0,0.0
2018-04-13,2018-04-13,2018-04-13,2018-04-20,flat,False,False,0.0,0.0,0.0,no_signal,none,False,False,False,False,0,132.2010040283203,0.0,0.0,0.0,0.0,0.0,0.0
2018-04-20,2018-04-20,2018-04-20,2018-04-27,flat,False,False,0.0,0.0,0.0,no_signal,none,False,False,False,False,0,132.62399291992188,-0.0,0.0,0.0,0.0,0.0,-0.0
2018-04-27,2018-04-27,2018-04-27,2018-05-04,flat,False,False,0.0,0.0,0.0,no_signal,none,False,False,False,False,0,132.35000610351562,-0.0,0.0,0.0,0.0,0.0,-0.0
2018-05-04,2018-05-04,2018-05-04,2018-05-11,flat,False,False,0.0,0.0,0.0,no_signal,none,False,False,False,False,0,130.7989959716797,-0.0,0.0,0.0,0.0,0.0,-0.0
2018-05-11,2018-05-11,2018-05-11,2018-05-18,flat,False,False,0.0,0.0,0.0,no_signal,none,False,False,False,False,0,130.3939971923828,0.0,0.0,0.0,0.0,0.0,0.0
2018-05-18,2018-05-18,2018-05-18,2018-05-25,flat,False,False,0.0,0.0,0.0,no_signal,none,False,False,False,False,0,130.68899536132812,-0.0,0.0,0.0,0.0,0.0,-0.0
2018-05-25,2018-05-25,2018-05-25,2018-06-01,flat,False,False,0.0,0.0,0.0,no_signal,none,False,False,False,False,0,128.13800048828125,-0.0,0.0,0.0,0.0,0.0,-0.0
2018-06-01,2018-06-01,2018-06-01,2018-06-08,flat,False,False,0.0,0.0,0.0,no_signal,none,False,False,False,False,0,127.16000366210938,-0.0,0.0,0.0,0.0,0.0,-0.0
2018-06-08,2018-06-08,2018-06-08,2018-06-15,flat,False,False,0.0,0.0,0.0,no_signal,none,False,False,False,False,0,129.35699462890625,0.0,0.0,0.0,0.0,0.0,0.0
2018-06-15,2018-06-15,2018-06-15,2018-06-22,flat,False,False,0.0,0.0,0.0,no_signal,none,False,False,False,False,0,127.9749984741211,-0.0,0.0,0.0,0.0,0.0,-0.0
2018-06-22,2018-06-22,2018-06-22,2018-06-29,flat,False,False,0.0,0.0,0.0,no_signal,none,False,False,False,False,0,127.60399627685548,-0.0,0.0,0.0,0.0,0.0,-0.0
2018-06-29,2018-06-29,2018-06-29,2018-07-06,flat,False,False,0.0,0.0,0.0,no_signal,none,False,False,False,False,0,127.75,0.0,0.0,0.0,0.0,0.0,0.0
2018-07-06,2018-07-06,2018-07-06,2018-07-13,flat,False,False,0.0,0.0,0.0,no_signal,none,False,False,False,False,0,129.2899932861328,0.0,0.0,0.0,0.0,0.0,0.0
2018-07-13,2018-07-13,2018-07-13,2018-07-20,flat,False,False,0.0,0.0,0.0,no_signal,none,False,False,False,False,0,131.427001953125,0.0,0.0,0.0,0.0,0.0,0.0
2018-07-20,2018-07-20,2018-07-20,2018-07-27,flat,False,False,0.0,0.0,0.0,no_signal,none,False,False,False,False,0,130.96099853515625,-0.0,0.0,0.0,0.0,0.0,-0.0
2018-07-27,2018-07-27,2018-07-27,2018-08-03,flat,False,False,0.0,0.0,0.0,no_signal,none,False,False,False,False,0,129.4029998779297,-0.0,0.0,0.0,0.0,0.0,-0.0
2018-08-03,2018-08-03,2018-08-03,2018-08-10,flat,False,False,0.0,0.0,0.0,no_signal,none,False,False,False,False,0,129.3939971923828,-0.0,0.0,0.0,0.0,0.0,-0.0
2018-08-10,2018-08-10,2018-08-10,2018-08-17,flat,False,False,0.0,0.0,0.0,no_signal,none,False,False,False,False,0,127.9980010986328,-0.0,0.0,0.0,0.0,0.0,-0.0
2018-08-17,2018-08-17,2018-08-17,2018-08-24,flat,False,False,0.0,0.0,0.0,no_signal,none,False,False,False,False,0,126.22000122070312,0.0,0.0,0.0,0.0,0.0,0.0
2018-08-24,2018-08-24,2018-08-24,2018-08-31,flat,False,False,0.0,0.0,0.0,no_signal,none,False,False,False,False,0,128.51600646972656,0.0,0.0,0.0,0.0,0.0,0.0
2018-08-31,2018-08-31,2018-08-31,2018-09-07,flat,False,False,0.0,0.0,0.0,no_signal,none,False,False,False,False,0,129.47300720214844,-0.0,0.0,0.0,0.0,0.0,-0.0
2018-09-07,2018-09-07,2018-09-07,2018-09-14,flat,False,False,0.0,0.0,0.0,no_signal,none,False,False,False,False,0,128.39100646972656,-0.0,0.0,0.0,0.0,0.0,-0.0
2018-09-14,2018-09-14,2018-09-14,2018-09-21,flat,False,False,0.0,0.0,0.0,no_signal,none,False,False,False,False,0,130.95399475097656,0.0,0.0,0.0,0.0,0.0,0.0
2018-09-21,2018-09-21,2018-09-21,2018-09-28,flat,False,False,0.0,0.0,0.0,no_signal,none,False,False,False,False,0,132.47500610351562,0.0,0.0,0.0,0.0,0.0,0.0
2018-09-28,2018-09-28,2018-09-28,2018-10-05,flat,False,False,0.0,0.0,0.0,no_signal,none,False,False,False,False,0,131.91099548339844,-0.0,0.0,0.0,0.0,0.0,-0.0
2018-10-05,2018-10-05,2018-10-05,2018-10-12,flat,False,False,0.0,0.0,0.0,no_signal,none,False,False,False,False,0,131.18499755859375,-0.0,0.0,0.0,0.0,0.0,-0.0
2018-10-12,2018-10-12,2018-10-12,2018-10-19,flat,False,False,0.0,0.0,0.0,no_signal,none,False,False,False,False,0,129.90199279785156,-0.0,0.0,0.0,0.0,0.0,-0.0
2018-10-19,2018-10-19,2018-10-19,2018-10-26,flat,False,False,0.0,0.0,0.0,no_signal,none,False,False,False,False,0,128.5,-0.0,0.0,0.0,0.0,0.0,-0.0
2018-10-26,2018-10-26,2018-10-26,2018-11-02,flat,False,False,0.0,0.0,0.0,no_signal,none,False,False,False,False,0,127.7959976196289,-0.0,0.0,0.0,0.0,0.0,-0.0
2018-11-02,2018-11-02,2018-11-02,2018-11-09,flat,False,False,0.0,0.0,0.0,no_signal,none,False,False,False,False,0,128.52499389648438,0.0,0.0,0.0,0.0,0.0,0.0
2018-11-09,2018-11-09,2018-11-09,2018-11-16,flat,False,False,0.0,0.0,0.0,no_signal,none,False,False,False,False,0,129.54100036621094,-0.0,0.0,0.0,0.0,0.0,-0.0
2018-11-16,2018-11-16,2018-11-16,2018-11-23,flat,False,False,0.0,0.0,0.0,no_signal,none,False,False,False,False,0,128.59500122070312,-0.0,0.0,0.0,0.0,0.0,-0.0
2018-11-23,2018-11-23,2018-11-23,2018-11-30,flat,False,False,0.0,0.0,0.0,no_signal,none,False,False,False,False,0,128.8300018310547,-0.0,0.0,0.0,0.0,0.0,-0.0
2018-11-30,2018-11-30,2018-11-30,2018-12-07,flat,False,False,0.0,0.0,0.0,no_signal,none,False,False,False,False,0,129.19200134277344,0.0,0.0,0.0,0.0,0.0,0.0
2018-12-07,2018-12-07,2018-12-07,2018-12-14,flat,False,False,0.0,0.0,0.0,no_signal,none,False,False,False,False,0,128.1739959716797,-0.0,0.0,0.0,0.0,0.0,-0.0
2018-12-14,2018-12-14,2018-12-14,2018-12-21,flat,False,False,0.0,0.0,0.0,no_signal,none,False,False,False,False,0,129.03500366210938,-0.0,0.0,0.0,0.0,0.0,-0.0
2018-12-21,2018-12-21,2018-12-21,2018-12-28,flat,False,False,0.0,0.0,0.0,no_signal,none,False,False,False,False,0,127.35199737548828,-0.0,0.0,0.0,0.0,0.0,-0.0
2018-12-28,2018-12-28,2018-12-28,2019-01-04,flat,False,False,0.0,0.0,0.0,no_signal,none,False,False,False,False,0,126.76799774169922,-0.0,0.0,0.0,0.0,0.0,-0.0
2019-01-04,2019-01-04,2019-01-04,2019-01-11,flat,False,False,0.0,0.0,0.0,no_signal,none,False,False,False,False,0,122.79399871826172,-0.0,0.0,0.0,0.0,0.0,-0.0
2019-01-11,2019-01-11,2019-01-11,2019-01-18,flat,False,False,0.0,0.0,0.0,no_signal,none,False,False,False,False,0,124.61900329589844,0.0,0.0,0.0,0.0,0.0,0.0
2019-01-18,2019-01-18,2019-01-18,2019-01-25,flat,False,False,0.0,0.0,0.0,no_signal,none,False,False,False,False,0,124.3479995727539,0.0,0.0,0.0,0.0,0.0,0.0
2019-01-25,2019-01-25,2019-01-25,2019-02-01,flat,False,False,0.0,0.0,0.0,no_signal,none,False,False,False,False,0,123.96900177001952,0.0,0.0,0.0,0.0,0.0,0.0
2019-02-01,2019-02-01,2019-02-01,2019-02-08,flat,False,False,0.0,0.0,0.0,no_signal,none,False,False,False,False,0,124.58000183105467,0.0,0.0,0.0,0.0,0.0,0.0
2019-02-08,2019-02-08,2019-02-08,2019-02-15,flat,False,False,0.0,0.0,0.0,no_signal,none,False,False,False,False,0,124.4540023803711,-0.0,0.0,0.0,0.0,0.0,-0.0
2019-02-15,2019-02-15,2019-02-15,2019-02-22,flat,False,False,0.0,0.0,0.0,no_signal,none,False,False,False,False,0,124.8499984741211,0.0,0.0,0.0,0.0,0.0,0.0
2019-02-22,2019-02-22,2019-02-22,2019-03-01,flat,False,False,0.0,0.0,0.0,no_signal,none,False,False,False,False,0,125.54000091552734,0.0,0.0,0.0,0.0,0.0,0.0
2019-03-01,2019-03-01,2019-03-01,2019-03-08,flat,False,False,0.0,0.0,0.0,no_signal,none,False,False,False,False,0,126.64600372314452,0.0,0.0,0.0,0.0,0.0,0.0
2019-03-08,2019-03-08,2019-03-08,2019-03-15,flat,False,False,0.0,0.0,0.0,no_signal,none,False,False,False,False,0,125.01000213623048,-0.0,0.0,0.0,0.0,0.0,-0.0
2019-03-15,2019-03-15,2019-03-15,2019-03-22,flat,False,False,0.0,0.0,0.0,no_signal,none,False,False,False,False,0,126.36000061035156,0.0,0.0,0.0,0.0,0.0,0.0
2019-03-22,2019-03-22,2019-03-22,2019-03-29,flat,False,False,0.0,0.0,0.0,no_signal,none,False,False,False,False,0,126.01000213623048,-0.0,0.0,0.0,0.0,0.0,-0.0
2019-03-29,2019-03-29,2019-03-29,2019-04-05,flat,False,False,0.0,0.0,0.0,no_signal,none,False,False,False,False,0,124.22000122070312,0.0,0.0,0.0,0.0,0.0,0.0
2019-04-05,2019-04-05,2019-04-05,2019-04-12,flat,False,False,0.0,0.0,0.0,no_signal,none,False,False,False,False,0,125.31199645996094,0.0,0.0,0.0,0.0,0.0,0.0
2019-04-12,2019-04-12,2019-04-12,2019-04-19,flat,False,False,0.0,0.0,0.0,no_signal,none,False,False,False,False,0,125.68900299072266,0.0,0.0,0.0,0.0,0.0,0.0
2019-04-19,2019-04-19,2019-04-19,2019-04-26,flat,False,False,0.0,0.0,0.0,no_signal,none,False,False,False,False,0,125.8209991455078,-0.0,0.0,0.0,0.0,0.0,-0.0
2019-04-26,2019-04-26,2019-04-26,2019-05-03,flat,False,False,0.0,0.0,0.0,no_signal,none,False,False,False,False,0,124.29900360107422,-0.0,0.0,0.0,0.0,0.0,-0.0
2019-05-03,2019-05-03,2019-05-03,2019-05-10,flat,False,False,0.0,0.0,0.0,no_signal,none,False,False,False,False,0,124.59600067138672,-0.0,0.0,0.0,0.0,0.0,-0.0
2019-05-10,2019-05-10,2019-05-10,2019-05-17,flat,False,False,0.0,0.0,0.0,no_signal,none,False,False,False,False,0,123.18199920654295,-0.0,0.0,0.0,0.0,0.0,-0.0
2019-05-17,2019-05-17,2019-05-17,2019-05-24,flat,False,False,0.0,0.0,0.0,no_signal,none,False,False,False,False,0,122.75900268554688,-0.0,0.0,0.0,0.0,0.0,-0.0
2019-05-24,2019-05-24,2019-05-24,2019-05-31,flat,False,False,0.0,0.0,0.0,no_signal,none,False,False,False,False,0,122.5260009765625,-0.0,0.0,0.0,0.0,0.0,-0.0
2019-05-31,2019-05-31,2019-05-31,2019-06-07,flat,False,False,0.0,0.0,0.0,no_signal,none,False,False,False,False,0,121.71700286865234,-0.0,0.0,0.0,0.0,0.0,-0.0
2019-06-07,2019-06-07,2019-06-07,2019-06-14,flat,False,False,0.0,0.0,0.0,no_signal,none,False,False,False,False,0,122.29100036621094,0.0,0.0,0.0,0.0,0.0,0.0
2019-06-14,2019-06-14,2019-06-14,2019-06-21,flat,False,False,0.0,0.0,0.0,no_signal,none,False,False,False,False,0,122.18000030517578,-0.0,0.0,0.0,0.0,0.0,-0.0
2019-06-21,2019-06-21,2019-06-21,2019-06-28,flat,False,False,0.0,0.0,0.0,no_signal,none,False,False,False,False,0,121.16899871826172,0.0,0.0,0.0,0.0,0.0,0.0
2019-06-28,2019-06-28,2019-06-28,2019-07-05,flat,False,False,0.0,0.0,0.0,no_signal,none,False,False,False,False,0,122.5189971923828,0.0,0.0,0.0,0.0,0.0,0.0
2019-07-05,2019-07-05,2019-07-05,2019-07-12,flat,False,False,0.0,0.0,0.0,no_signal,none,False,False,False,False,0,121.66999816894533,-0.0,0.0,0.0,0.0,0.0,-0.0
2019-07-12,2019-07-12,2019-07-12,2019-07-19,flat,False,False,0.0,0.0,0.0,no_signal,none,False,False,False,False,0,122.177001953125,-0.0,0.0,0.0,0.0,0.0,-0.0
2019-07-19,2019-07-19,2019-07-19,2019-07-26,flat,False,False,0.0,0.0,0.0,no_signal,none,False,False,False,False,0,120.94300079345705,-0.0,0.0,0.0,0.0,0.0,-0.0
2019-07-26,2019-07-26,2019-07-26,2019-08-02,flat,False,False,0.0,0.0,0.0,no_signal,none,False,False,False,False,0,121.0999984741211,-0.0,0.0,0.0,0.0,0.0,-0.0
2019-08-02,2019-08-02,2019-08-02,2019-08-09,flat,False,False,0.0,0.0,0.0,no_signal,none,False,False,False,False,0,119.01699829101562,-0.0,0.0,0.0,0.0,0.0,-0.0
2019-08-09,2019-08-09,2019-08-09,2019-08-16,flat,False,False,0.0,0.0,0.0,no_signal,none,False,False,False,False,0,118.44499969482422,-0.0,0.0,0.0,0.0,0.0,-0.0
2019-08-16,2019-08-16,2019-08-16,2019-08-23,flat,False,False,0.0,0.0,0.0,no_signal,none,False,False,False,False,0,117.83999633789062,-0.0,0.0,0.0,0.0,0.0,-0.0
2019-08-23,2019-08-23,2019-08-23,2019-08-30,flat,False,False,0.0,0.0,0.0,no_signal,none,False,False,False,False,0,118.0,-0.0,0.0,0.0,0.0,0.0,-0.0
2019-08-30,2019-08-30,2019-08-30,2019-09-06,flat,False,False,0.0,0.0,0.0,no_signal,none,False,False,False,False,0,117.6999969482422,-0.0,0.0,0.0,0.0,0.0,-0.0
2019-09-06,2019-09-06,2019-09-06,2019-09-13,flat,False,False,0.0,0.0,0.0,no_signal,none,False,False,False,False,0,118.13200378417967,0.0,0.0,0.0,0.0,0.0,0.0
2019-09-13,2019-09-13,2019-09-13,2019-09-20,flat,False,False,0.0,0.0,0.0,no_signal,none,False,False,False,False,0,119.60399627685548,0.0,0.0,0.0,0.0,0.0,0.0
2019-09-20,2019-09-20,2019-09-20,2019-09-27,flat,False,False,0.0,0.0,0.0,no_signal,none,False,False,False,False,0,119.34600067138672,-0.0,0.0,0.0,0.0,0.0,-0.0
2019-09-27,2019-09-27,2019-09-27,2019-10-04,flat,False,False,0.0,0.0,0.0,no_signal,none,False,False,False,False,0,117.66999816894533,-0.0,0.0,0.0,0.0,0.0,-0.0
2019-10-04,2019-10-04,2019-10-04,2019-10-11,flat,False,False,0.0,0.0,0.0,no_signal,none,False,False,False,False,0,117.23999786376952,-0.0,0.0,0.0,0.0,0.0,-0.0
2019-10-11,2019-10-11,2019-10-11,2019-10-18,flat,False,False,0.0,0.0,0.0,no_signal,none,False,False,False,False,0,118.77999877929688,0.0,0.0,0.0,0.0,0.0,0.0
2019-10-18,2019-10-18,2019-10-18,2019-10-25,flat,False,False,0.0,0.0,0.0,no_signal,none,False,False,False,False,0,120.8000030517578,0.0,0.0,0.0,0.0,0.0,0.0
2019-10-25,2019-10-25,2019-10-25,2019-11-01,flat,False,False,0.0,0.0,0.0,no_signal,none,False,False,False,False,0,120.5915985107422,-0.0,0.0,0.0,0.0,0.0,-0.0
2019-11-01,2019-11-01,2019-11-01,2019-11-08,flat,False,False,0.0,0.0,0.0,no_signal,none,False,False,False,False,0,120.49600219726562,0.0,0.0,0.0,0.0,0.0,0.0
2019-11-08,2019-11-08,2019-11-08,2019-11-15,flat,False,False,0.0,0.0,0.0,no_signal,none,False,False,False,False,0,120.77300262451172,-0.0,0.0,0.0,0.0,0.0,-0.0
2019-11-15,2019-11-15,2019-11-15,2019-11-22,flat,False,False,0.0,0.0,0.0,no_signal,none,False,False,False,False,0,119.55799865722656,-0.0,0.0,0.0,0.0,0.0,-0.0
2019-11-22,2019-11-22,2019-11-22,2019-11-29,flat,False,False,0.0,0.0,0.0,no_signal,none,False,False,False,False,0,120.1500015258789,-0.0,0.0,0.0,0.0,0.0,-0.0
2019-11-29,2019-11-29,2019-11-29,2019-12-06,flat,False,False,0.0,0.0,0.0,no_signal,none,False,False,False,False,0,120.58499908447266,0.0,0.0,0.0,0.0,0.0,0.0
2019-12-06,2019-12-06,2019-12-06,2019-12-13,flat,False,False,0.0,0.0,0.0,no_signal,none,False,False,False,False,0,120.73999786376952,-0.0,0.0,0.0,0.0,0.0,-0.0
2019-12-13,2019-12-13,2019-12-13,2019-12-20,flat,False,False,0.0,0.0,0.0,no_signal,none,False,False,False,False,0,122.38300323486328,0.0,0.0,0.0,0.0,0.0,0.0
2019-12-20,2019-12-20,2019-12-20,2019-12-27,flat,False,False,0.0,0.0,0.0,no_signal,none,False,False,False,False,0,121.66000366210938,-0.0,0.0,0.0,0.0,0.0,-0.0
2019-12-27,2019-12-27,2019-12-27,2020-01-03,flat,False,False,0.0,0.0,0.0,no_signal,none,False,False,False,False,0,121.68000030517578,0.0,0.0,0.0,0.0,0.0,0.0
2020-01-03,2020-01-03,2020-01-03,2020-01-10,flat,False,False,0.0,0.0,0.0,no_signal,none,False,False,False,False,0,121.24500274658205,-0.0,0.0,0.0,0.0,0.0,-0.0
2020-01-10,2020-01-10,2020-01-10,2020-01-17,flat,False,False,0.0,0.0,0.0,no_signal,none,False,False,False,False,0,121.65399932861328,0.0,0.0,0.0,0.0,0.0,0.0
2020-01-17,2020-01-17,2020-01-17,2020-01-24,flat,False,False,0.0,0.0,0.0,no_signal,none,False,False,False,False,0,122.69499969482422,0.0,0.0,0.0,0.0,0.0,0.0
2020-01-24,2020-01-24,2020-01-24,2020-01-31,flat,False,False,0.0,0.0,0.0,no_signal,none,False,False,False,False,0,121.10199737548828,-0.0,0.0,0.0,0.0,0.0,-0.0
2020-01-31,2020-01-31,2020-01-31,2020-02-07,flat,False,False,0.0,0.0,0.0,no_signal,none,False,False,False,False,0,120.06300354003906,0.0,0.0,0.0,0.0,0.0,0.0
2020-02-07,2020-02-07,2020-02-07,2020-02-14,flat,False,False,0.0,0.0,0.0,no_signal,none,False,False,False,False,0,120.73999786376952,-0.0,0.0,0.0,0.0,0.0,-0.0
2020-02-14,2020-02-14,2020-02-14,2020-02-21,flat,False,False,0.0,0.0,0.0,no_signal,none,False,False,False,False,0,118.98999786376952,-0.0,0.0,0.0,0.0,0.0,-0.0
2020-02-21,2020-02-21,2020-02-21,2020-02-28,flat,False,False,0.0,0.0,0.0,no_signal,none,False,False,False,False,0,120.77999877929688,0.0,0.0,0.0,0.0,0.0,0.0
2020-02-28,2020-02-28,2020-02-28,2020-03-06,flat,False,False,0.0,0.0,0.0,no_signal,none,False,False,False,False,0,120.58899688720705,-0.0,0.0,0.0,0.0,0.0,-0.0
2020-03-06,2020-03-06,2020-03-06,2020-03-13,flat,False,False,0.0,0.0,0.0,no_signal,none,False,False,False,False,0,119.24600219726562,-0.0,0.0,0.0,0.0,0.0,-0.0
2020-03-13,2020-03-13,2020-03-13,2020-03-20,flat,False,False,0.0,0.0,0.0,no_signal,none,False,False,False,False,0,116.98400115966795,0.0,0.0,0.0,0.0,0.0,0.0
2020-03-20,2020-03-20,2020-03-20,2020-03-27,flat,False,False,0.0,0.0,0.0,no_signal,none,False,False,False,False,0,118.59100341796876,-0.0,0.0,0.0,0.0,0.0,-0.0
2020-03-27,2020-03-27,2020-03-27,2020-04-03,flat,False,False,0.0,0.0,0.0,no_signal,none,False,False,False,False,0,120.53399658203124,0.0,0.0,0.0,0.0,0.0,0.0
2020-04-03,2020-04-03,2020-04-03,2020-04-10,flat,False,False,0.0,0.0,0.0,no_signal,none,False,False,False,False,0,117.13999938964844,-0.0,0.0,0.0,0.0,0.0,-0.0
2020-04-10,2020-04-10,2020-04-10,2020-04-17,flat,False,False,0.0,0.0,0.0,no_signal,none,False,False,False,False,0,118.59200286865234,0.0,0.0,0.0,0.0,0.0,0.0
2020-04-17,2020-04-17,2020-04-17,2020-04-24,flat,False,False,0.0,0.0,0.0,no_signal,none,False,False,False,False,0,117.1999969482422,-0.0,0.0,0.0,0.0,0.0,-0.0
2020-04-24,2020-04-24,2020-04-24,2020-05-01,flat,False,False,0.0,0.0,0.0,no_signal,none,False,False,False,False,0,116.0009994506836,-0.0,0.0,0.0,0.0,0.0,-0.0
2020-05-01,2020-05-01,2020-05-01,2020-05-08,flat,False,False,0.0,0.0,0.0,no_signal,none,False,False,False,False,0,117.41100311279295,0.0,0.0,0.0,0.0,0.0,0.0
2020-05-08,2020-05-08,2020-05-08,2020-05-15,flat,False,False,0.0,0.0,0.0,no_signal,none,False,False,False,False,0,115.26300048828124,-0.0,0.0,0.0,0.0,0.0,-0.0
2020-05-15,2020-05-15,2020-05-15,2020-05-22,flat,False,False,0.0,0.0,0.0,no_signal,none,False,False,False,False,0,116.03099822998048,0.0,0.0,0.0,0.0,0.0,0.0
2020-05-22,2020-05-22,2020-05-22,2020-05-29,flat,False,False,0.0,0.0,0.0,no_signal,none,False,False,False,False,0,117.83000183105467,0.0,0.0,0.0,0.0,0.0,0.0
2020-05-29,2020-05-29,2020-05-29,2020-06-05,flat,False,False,0.0,0.0,0.0,no_signal,none,False,False,False,False,0,119.22000122070312,0.0,0.0,0.0,0.0,0.0,0.0
2020-06-05,2020-06-05,2020-06-05,2020-06-12,short,False,True,0.0,-1.1634069724854468,0.0,short_signal,entry,True,False,False,False,1,123.73200225830078,0.0,1.1634069724854468,0.0,0.0,0.0,0.0
2020-06-12,2020-06-12,2020-06-12,2020-06-19,short,False,True,-1.1634069724854468,-1.1457408010968304,-1.1634069724854468,hold,resize,False,True,False,False,2,120.55899810791016,0.03021635363845505,0.01766617138861637,0.0,0.0,0.0,0.03021635363845505
2020-06-19,2020-06-19,2020-06-19,2020-06-26,short,False,True,-1.1457408010968304,-1.1100012247329891,-1.1457408010968304,hold,resize,False,True,False,False,3,119.91400146484376,0.012970011660816606,0.035739576363841286,0.0,0.0,0.0,0.012970011660816606
2020-06-26,2020-06-26,2020-06-26,2020-07-03,short,False,True,-1.1100012247329891,-1.1659471210014063,-1.1100012247329891,hold,resize,False,True,False,False,4,120.1999969482422,-0.008823013416340768,0.05594589626841717,0.0,0.0,0.0,-0.008823013416340768
2020-07-03,2020-07-03,2020-07-03,2020-07-10,flat,False,False,-1.1659471210014063,0.0,-1.1659471210014063,max_holding_period,exit,False,False,False,True,0,120.79900360107422,-0.006452727548613179,1.1659471210014063,0.0,0.0,0.0,-0.006452727548613179
2020-07-10,2020-07-10,2020-07-10,2020-07-17,flat,False,False,0.0,0.0,0.0,no_signal,none,False,False,False,False,0,121.04399871826172,-0.0,0.0,0.0,0.0,0.0,-0.0
2020-07-17,2020-07-17,2020-07-17,2020-07-24,flat,False,False,0.0,0.0,0.0,no_signal,none,False,False,False,False,0,122.16600036621094,0.0,0.0,0.0,0.0,0.0,0.0
2020-07-24,2020-07-24,2020-07-24,2020-07-31,flat,False,False,0.0,0.0,0.0,no_signal,none,False,False,False,False,0,123.88999938964844,0.0,0.0,0.0,0.0,0.0,0.0
2020-07-31,2020-07-31,2020-07-31,2020-08-07,flat,False,False,0.0,0.0,0.0,no_signal,none,False,False,False,False,0,124.26000213623048,0.0,0.0,0.0,0.0,0.0,0.0
2020-08-07,2020-08-07,2020-08-07,2020-08-14,flat,False,False,0.0,0.0,0.0,no_signal,none,False,False,False,False,0,125.3730010986328,0.0,0.0,0.0,0.0,0.0,0.0
2020-08-14,2020-08-14,2020-08-14,2020-08-21,flat,False,False,0.0,0.0,0.0,no_signal,none,False,False,False,False,0,126.41699981689452,0.0,0.0,0.0,0.0,0.0,0.0
2020-08-21,2020-08-21,2020-08-21,2020-08-28,flat,False,False,0.0,0.0,0.0,no_signal,none,False,False,False,False,0,125.4229965209961,-0.0,0.0,0.0,0.0,0.0,-0.0
2020-08-28,2020-08-28,2020-08-28,2020-09-04,flat,False,False,0.0,0.0,0.0,no_signal,none,False,False,False,False,0,126.03199768066406,0.0,0.0,0.0,0.0,0.0,0.0
2020-09-04,2020-09-04,2020-09-04,2020-09-11,flat,False,False,0.0,0.0,0.0,no_signal,none,False,False,False,False,0,125.60099792480467,0.0,0.0,0.0,0.0,0.0,0.0
2020-09-11,2020-09-11,2020-09-11,2020-09-18,flat,False,False,0.0,0.0,0.0,no_signal,none,False,False,False,False,0,125.50399780273438,-0.0,0.0,0.0,0.0,0.0,-0.0
2020-09-18,2020-09-18,2020-09-18,2020-09-25,flat,False,False,0.0,0.0,0.0,no_signal,none,False,False,False,False,0,124.04000091552734,-0.0,0.0,0.0,0.0,0.0,-0.0
2020-09-25,2020-09-25,2020-09-25,2020-10-02,flat,False,False,0.0,0.0,0.0,no_signal,none,False,False,False,False,0,123.0719985961914,-0.0,0.0,0.0,0.0,0.0,-0.0
2020-10-02,2020-10-02,2020-10-02,2020-10-09,flat,False,False,0.0,0.0,0.0,no_signal,none,False,False,False,False,0,123.9499969482422,0.0,0.0,0.0,0.0,0.0,0.0
2020-10-09,2020-10-09,2020-10-09,2020-10-16,flat,False,False,0.0,0.0,0.0,no_signal,none,False,False,False,False,0,124.72000122070312,0.0,0.0,0.0,0.0,0.0,0.0
2020-10-16,2020-10-16,2020-10-16,2020-10-23,flat,False,False,0.0,0.0,0.0,no_signal,none,False,False,False,False,0,123.33100128173828,-0.0,0.0,0.0,0.0,0.0,-0.0
2020-10-23,2020-10-23,2020-10-23,2020-10-30,flat,False,False,0.0,0.0,0.0,no_signal,none,False,False,False,False,0,123.95999908447266,0.0,0.0,0.0,0.0,0.0,0.0
2020-10-30,2020-10-30,2020-10-30,2020-11-06,flat,False,False,0.0,0.0,0.0,no_signal,none,False,False,False,False,0,122.10399627685548,-0.0,0.0,0.0,0.0,0.0,-0.0
2020-11-06,2020-11-06,2020-11-06,2020-11-13,flat,False,False,0.0,0.0,0.0,no_signal,none,False,False,False,False,0,122.4250030517578,0.0,0.0,0.0,0.0,0.0,0.0
2020-11-13,2020-11-13,2020-11-13,2020-11-20,flat,False,False,0.0,0.0,0.0,no_signal,none,False,False,False,False,0,124.0500030517578,0.0,0.0,0.0,0.0,0.0,0.0
2020-11-20,2020-11-20,2020-11-20,2020-11-27,flat,False,False,0.0,0.0,0.0,no_signal,none,False,False,False,False,0,123.20099639892578,-0.0,0.0,0.0,0.0,0.0,-0.0
2020-11-27,2020-11-27,2020-11-27,2020-12-04,flat,False,False,0.0,0.0,0.0,no_signal,none,False,False,False,False,0,124.16629791259766,0.0,0.0,0.0,0.0,0.0,0.0
2020-12-04,2020-12-04,2020-12-04,2020-12-11,flat,False,False,0.0,0.0,0.0,no_signal,none,False,False,False,False,0,126.09600067138672,0.0,0.0,0.0,0.0,0.0,0.0
2020-12-11,2020-12-11,2020-12-11,2020-12-18,flat,False,False,0.0,0.0,0.0,no_signal,none,False,False,False,False,0,126.51100158691406,-0.0,0.0,0.0,0.0,0.0,-0.0
2020-12-18,2020-12-18,2020-12-18,2020-12-25,flat,False,False,0.0,0.0,0.0,no_signal,none,False,False,False,False,0,126.47000122070312,0.0,0.0,0.0,0.0,0.0,0.0
2020-12-25,2020-12-25,2020-12-25,2021-01-01,flat,False,False,0.0,0.0,0.0,no_signal,none,False,False,False,False,0,126.23999786376952,0.0,0.0,0.0,0.0,0.0,0.0
2021-01-01,2021-01-01,2021-01-01,2021-01-08,flat,False,False,0.0,0.0,0.0,no_signal,none,False,False,False,False,0,126.44300079345705,0.0,0.0,0.0,0.0,0.0,0.0
2021-01-08,2021-01-08,2021-01-08,2021-01-15,flat,False,False,0.0,0.0,0.0,no_signal,none,False,False,False,False,0,127.35099792480467,0.0,0.0,0.0,0.0,0.0,0.0
2021-01-15,2021-01-15,2021-01-15,2021-01-22,flat,False,False,0.0,0.0,0.0,no_signal,none,False,False,False,False,0,126.16000366210938,-0.0,0.0,0.0,0.0,0.0,-0.0
2021-01-22,2021-01-22,2021-01-22,2021-01-29,flat,False,False,0.0,0.0,0.0,no_signal,none,False,False,False,False,0,125.91500091552734,0.0,0.0,0.0,0.0,0.0,0.0
2021-01-29,2021-01-29,2021-01-29,2021-02-05,flat,False,False,0.0,0.0,0.0,no_signal,none,False,False,False,False,0,126.39800262451172,0.0,0.0,0.0,0.0,0.0,0.0
2021-02-05,2021-02-05,2021-02-05,2021-02-12,flat,False,False,0.0,0.0,0.0,no_signal,none,False,False,False,False,0,126.33300018310548,0.0,0.0,0.0,0.0,0.0,0.0
2021-02-12,2021-02-12,2021-02-12,2021-02-19,flat,False,False,0.0,0.0,0.0,no_signal,none,False,False,False,False,0,127.0500030517578,0.0,0.0,0.0,0.0,0.0,0.0
2021-02-19,2021-02-19,2021-02-19,2021-02-26,flat,False,False,0.0,0.0,0.0,no_signal,none,False,False,False,False,0,127.74600219726562,0.0,0.0,0.0,0.0,0.0,0.0
2021-02-26,2021-02-26,2021-02-26,2021-03-05,flat,False,False,0.0,0.0,0.0,no_signal,none,False,False,False,False,0,129.35499572753906,0.0,0.0,0.0,0.0,0.0,0.0
2021-03-05,2021-03-05,2021-03-05,2021-03-12,flat,False,False,0.0,0.0,0.0,no_signal,none,False,False,False,False,0,129.19000244140625,0.0,0.0,0.0,0.0,0.0,0.0
2021-03-12,2021-03-12,2021-03-12,2021-03-19,flat,False,False,0.0,0.0,0.0,no_signal,none,False,False,False,False,0,130.08200073242188,0.0,0.0,0.0,0.0,0.0,0.0
2021-03-19,2021-03-19,2021-03-19,2021-03-26,flat,False,False,0.0,0.0,0.0,no_signal,none,False,False,False,False,0,129.81900024414062,-0.0,0.0,0.0,0.0,0.0,-0.0
2021-03-26,2021-03-26,2021-03-26,2021-04-02,flat,False,False,0.0,0.0,0.0,no_signal,none,False,False,False,False,0,128.5709991455078,-0.0,0.0,0.0,0.0,0.0,-0.0
2021-04-02,2021-04-02,2021-04-02,2021-04-09,flat,False,False,0.0,0.0,0.0,no_signal,none,False,False,False,False,0,130.27000427246094,0.0,0.0,0.0,0.0,0.0,0.0
2021-04-09,2021-04-09,2021-04-09,2021-04-16,flat,False,False,0.0,0.0,0.0,no_signal,none,False,False,False,False,0,130.26600646972656,0.0,0.0,0.0,0.0,0.0,0.0
2021-04-16,2021-04-16,2021-04-16,2021-04-23,flat,False,False,0.0,0.0,0.0,no_signal,none,False,False,False,False,0,130.0959930419922,-0.0,0.0,0.0,0.0,0.0,-0.0
2021-04-23,2021-04-23,2021-04-23,2021-04-30,short,False,True,0.0,-1.20503517802314,0.0,short_signal,entry,True,False,False,False,1,129.7239990234375,0.0,1.20503517802314,0.0,0.0,0.0,0.0
2021-04-30,2021-04-30,2021-04-30,2021-05-07,flat,True,True,-1.20503517802314,0.0,-1.20503517802314,simultaneous_signals,exit,False,False,False,True,0,132.05099487304688,-0.009341231190211014,1.20503517802314,0.0,0.0,0.0,-0.009341231190211014
2021-05-07,2021-05-07,2021-05-07,2021-05-14,short,False,True,0.0,-1.9440303612772158,0.0,short_signal,entry,True,False,False,False,1,131.5399932861328,0.0,1.9440303612772158,0.0,0.0,0.0,0.0
2021-05-14,2021-05-14,2021-05-14,2021-05-21,short,False,False,-1.9440303612772158,-1.7429645158309939,-1.9440303612772158,hold,resize,False,True,False,False,2,132.26199340820312,-0.011476131481696173,0.20106584544622197,0.0,0.0,0.0,-0.011476131481696173
2021-05-21,2021-05-21,2021-05-21,2021-05-28,short,False,False,-1.7429645158309939,-1.330859171303119,-1.7429645158309939,hold,resize,False,True,False,False,3,133.07899475097656,0.0032392475632287547,0.41210534452787484,0.0,0.0,0.0,0.0032392475632287547
2021-05-28,2021-05-28,2021-05-28,2021-06-04,short,False,False,-1.330859171303119,-1.3498410395891365,-1.330859171303119,hold,resize,False,True,False,False,4,133.88800048828125,-0.01324215439106321,0.018981868286017445,0.0,0.0,0.0,-0.01324215439106321
2021-06-04,2021-06-04,2021-06-04,2021-06-11,flat,False,False,-1.3498410395891365,0.0,-1.3498410395891365,max_holding_period,exit,False,False,False,True,0,133.7530059814453,0.006478098172959459,1.3498410395891365,0.0,0.0,0.0,0.006478098172959459
2021-06-11,2021-06-11,2021-06-11,2021-06-18,flat,False,False,0.0,0.0,0.0,no_signal,none,False,False,False,False,0,133.1739959716797,-0.0,0.0,0.0,0.0,0.0,-0.0
2021-06-18,2021-06-18,2021-06-18,2021-06-25,flat,False,False,0.0,0.0,0.0,no_signal,none,False,False,False,False,0,131.4239959716797,-0.0,0.0,0.0,0.0,0.0,-0.0
2021-06-25,2021-06-25,2021-06-25,2021-07-02,flat,False,False,0.0,0.0,0.0,no_signal,none,False,False,False,False,0,132.3070068359375,0.0,0.0,0.0,0.0,0.0,0.0
2021-07-02,2021-07-02,2021-07-02,2021-07-09,flat,False,False,0.0,0.0,0.0,no_signal,none,False,False,False,False,0,132.16600036621094,-0.0,0.0,0.0,0.0,0.0,-0.0
2021-07-09,2021-07-09,2021-07-09,2021-07-16,flat,False,False,0.0,0.0,0.0,no_signal,none,False,False,False,False,0,130.06900024414062,-0.0,0.0,0.0,0.0,0.0,-0.0
2021-07-16,2021-07-16,2021-07-16,2021-07-23,flat,False,False,0.0,0.0,0.0,no_signal,none,False,False,False,False,0,129.66000366210938,-0.0,0.0,0.0,0.0,0.0,-0.0
2021-07-23,2021-07-23,2021-07-23,2021-07-30,long,True,False,0.0,2.0,0.0,long_signal,entry,True,False,False,False,1,129.66400146484375,0.0,2.0,0.0,0.0,0.0,0.0
2021-07-30,2021-07-30,2021-07-30,2021-08-06,long,True,False,2.0,2.0,2.0,hold,hold,False,False,False,False,2,130.05999755859375,0.00019980155859267157,0.0,0.0,0.0,0.0,0.00019980155859267157
2021-08-06,2021-08-06,2021-08-06,2021-08-13,long,False,False,2.0,2.0,2.0,hold,hold,False,False,False,False,3,129.875,-0.009328065539620178,0.0,0.0,0.0,0.0,-0.009328065539620178
2021-08-13,2021-08-13,2021-08-13,2021-08-20,long,False,False,2.0,2.0,2.0,hold,hold,False,False,False,False,4,129.5590057373047,-0.004122252661012071,0.0,0.0,0.0,0.0,-0.004122252661012071
2021-08-20,2021-08-20,2021-08-20,2021-08-27,flat,False,False,2.0,0.0,2.0,max_holding_period,exit,False,False,False,True,0,128.1699981689453,-0.011494995004151853,2.0,0.0,0.0,0.0,-0.011494995004151853
2021-08-27,2021-08-27,2021-08-27,2021-09-03,long,True,False,0.0,2.0,0.0,long_signal,entry,True,False,False,False,1,129.32000732421875,0.0,2.0,0.0,0.0,0.0,0.0
2021-09-03,2021-09-03,2021-09-03,2021-09-10,long,False,False,2.0,2.0,2.0,hold,hold,False,False,False,False,2,130.52999877929688,0.013503190712788715,0.0,0.0,0.0,0.0,0.013503190712788715
2021-09-10,2021-09-10,2021-09-10,2021-09-17,long,False,False,2.0,2.0,2.0,hold,hold,False,False,False,False,3,129.78500366210938,-0.009994218046990966,0.0,0.0,0.0,0.0,-0.009994218046990966
2021-09-17,2021-09-17,2021-09-17,2021-09-24,long,False,False,2.0,1.2969449990407136,2.0,hold,resize,False,True,False,False,4,129.05299377441406,-0.012971768385457771,0.7030550009592864,0.0,0.0,0.0,-0.012971768385457771
2021-09-24,2021-09-24,2021-09-24,2021-10-01,flat,False,False,1.2969449990407136,0.0,1.2969449990407136,max_holding_period,exit,False,False,False,True,0,129.5189971923828,0.008416423343201059,1.2969449990407136,0.0,0.0,0.0,0.008416423343201059
2021-10-01,2021-10-01,2021-10-01,2021-10-08,flat,False,False,0.0,0.0,0.0,no_signal,none,False,False,False,False,0,129.00100708007812,-0.0,0.0,0.0,0.0,0.0,-0.0
2021-10-08,2021-10-08,2021-10-08,2021-10-15,flat,False,False,0.0,0.0,0.0,no_signal,none,False,False,False,False,0,129.0500030517578,0.0,0.0,0.0,0.0,0.0,0.0
2021-10-15,2021-10-15,2021-10-15,2021-10-22,short,False,True,0.0,-1.5880688653338888,0.0,short_signal,entry,True,False,False,False,1,131.93099975585938,0.0,1.5880688653338888,0.0,0.0,0.0,0.0
2021-10-22,2021-10-22,2021-10-22,2021-10-29,short,False,True,-1.5880688653338888,-1.498466228524278,-1.5880688653338888,hold,resize,False,True,False,False,2,132.34800720214844,0.0031750758984101964,0.08960263680961078,0.0,0.0,0.0,0.0031750758984101964
2021-10-29,2021-10-29,2021-10-29,2021-11-05,short,False,True,-1.498466228524278,-1.1074702598147281,-1.498466228524278,hold,resize,False,True,False,False,3,132.72300720214844,0.002866070191551916,0.3909959687095499,0.0,0.0,0.0,0.002866070191551916
2021-11-05,2021-11-05,2021-11-05,2021-11-12,short,False,True,-1.1074702598147281,-1.1834861340201752,-1.1074702598147281,hold,resize,False,True,False,False,4,131.52499389648438,0.0065345237438158375,0.07601587420544709,0.0,0.0,0.0,0.0065345237438158375
2021-11-12,2021-11-12,2021-11-12,2021-11-19,flat,False,False,-1.1834861340201752,0.0,-1.1834861340201752,max_holding_period,exit,False,False,False,True,0,130.55099487304688,0.007430117473070814,1.1834861340201752,0.0,0.0,0.0,0.007430117473070814
2021-11-19,2021-11-19,2021-11-19,2021-11-26,flat,False,False,0.0,0.0,0.0,no_signal,none,False,False,False,False,0,129.91900634765625,-0.0,0.0,0.0,0.0,0.0,-0.0
2021-11-26,2021-11-26,2021-11-26,2021-12-03,flat,False,False,0.0,0.0,0.0,no_signal,none,False,False,False,False,0,128.98599243164062,-0.0,0.0,0.0,0.0,0.0,-0.0
2021-12-03,2021-12-03,2021-12-03,2021-12-10,flat,False,False,0.0,0.0,0.0,no_signal,none,False,False,False,False,0,127.77999877929688,-0.0,0.0,0.0,0.0,0.0,-0.0
2021-12-10,2021-12-10,2021-12-10,2021-12-17,flat,False,False,0.0,0.0,0.0,no_signal,none,False,False,False,False,0,128.11000061035156,0.0,0.0,0.0,0.0,0.0,0.0
2021-12-17,2021-12-17,2021-12-17,2021-12-24,flat,False,False,0.0,0.0,0.0,no_signal,none,False,False,False,False,0,128.81900024414062,-0.0,0.0,0.0,0.0,0.0,-0.0
2021-12-24,2021-12-24,2021-12-24,2021-12-31,flat,False,False,0.0,0.0,0.0,no_signal,none,False,False,False,False,0,129.63499450683594,0.0,0.0,0.0,0.0,0.0,0.0
2021-12-31,2021-12-31,2021-12-31,2022-01-07,flat,False,False,0.0,0.0,0.0,no_signal,none,False,False,False,False,0,130.2760009765625,0.0,0.0,0.0,0.0,0.0,0.0
2022-01-07,2022-01-07,2022-01-07,2022-01-14,flat,False,False,0.0,0.0,0.0,no_signal,none,False,False,False,False,0,130.86700439453125,0.0,0.0,0.0,0.0,0.0,0.0
2022-01-14,2022-01-14,2022-01-14,2022-01-21,flat,False,False,0.0,0.0,0.0,no_signal,none,False,False,False,False,0,130.73899841308594,-0.0,0.0,0.0,0.0,0.0,-0.0
2022-01-21,2022-01-21,2022-01-21,2022-01-28,flat,False,False,0.0,0.0,0.0,no_signal,none,False,False,False,False,0,128.95799255371094,-0.0,0.0,0.0,0.0,0.0,-0.0
2022-01-28,2022-01-28,2022-01-28,2022-02-04,flat,False,False,0.0,0.0,0.0,no_signal,none,False,False,False,False,0,128.5500030517578,-0.0,0.0,0.0,0.0,0.0,-0.0
2022-02-04,2022-02-04,2022-02-04,2022-02-11,short,False,True,0.0,-1.3333560201496129,0.0,short_signal,entry,True,False,False,False,1,131.4530029296875,0.0,1.3333560201496129,0.0,0.0,0.0,0.0
2022-02-11,2022-02-11,2022-02-11,2022-02-18,short,False,False,-1.3333560201496129,-1.3189106956866155,-1.3333560201496129,hold,resize,False,True,False,False,2,132.4459991455078,0.006767927547856744,0.0144453244629974,0.0,0.0,0.0,0.006767927547856744
2022-02-18,2022-02-18,2022-02-18,2022-02-25,short,False,False,-1.3189106956866155,-1.0370280283029212,-1.3189106956866155,hold,resize,False,True,False,False,3,130.552001953125,0.012392937605528667,0.2818826673836943,0.0,0.0,0.0,0.012392937605528667
2022-02-25,2022-02-25,2022-02-25,2022-03-04,short,False,False,-1.0370280283029212,-1.3535271287710255,-1.0370280283029212,hold,resize,False,True,False,False,4,129.32200622558594,0.006975006407628906,0.31649910046810437,0.0,0.0,0.0,0.006975006407628906
2022-03-04,2022-03-04,2022-03-04,2022-03-11,flat,False,False,-1.3535271287710255,0.0,-1.3535271287710255,max_holding_period,exit,False,False,False,True,0,127.79399871826172,0.04457014068138166,1.3535271287710255,0.0,0.0,0.0,0.04457014068138166
2022-03-11,2022-03-11,2022-03-11,2022-03-18,flat,False,False,0.0,0.0,0.0,no_signal,none,False,False,False,False,0,127.95099639892578,0.0,0.0,0.0,0.0,0.0,0.0
2022-03-18,2022-03-18,2022-03-18,2022-03-25,flat,False,False,0.0,0.0,0.0,no_signal,none,False,False,False,False,0,131.51100158691406,0.0,0.0,0.0,0.0,0.0,0.0
2022-03-25,2022-03-25,2022-03-25,2022-04-01,flat,False,False,0.0,0.0,0.0,no_signal,none,False,False,False,False,0,134.68800354003906,0.0,0.0,0.0,0.0,0.0,0.0
2022-04-01,2022-04-01,2022-04-01,2022-04-08,flat,False,False,0.0,0.0,0.0,no_signal,none,False,False,False,False,0,134.80299377441406,0.0,0.0,0.0,0.0,0.0,0.0
2022-04-08,2022-04-08,2022-04-08,2022-04-15,flat,False,False,0.0,0.0,0.0,no_signal,none,False,False,False,False,0,134.81700134277344,-0.0,0.0,0.0,0.0,0.0,-0.0
2022-04-15,2022-04-15,2022-04-15,2022-04-22,flat,False,False,0.0,0.0,0.0,no_signal,none,False,False,False,False,0,136.52999877929688,0.0,0.0,0.0,0.0,0.0,0.0
2022-04-22,2022-04-22,2022-04-22,2022-04-29,flat,False,False,0.0,0.0,0.0,no_signal,none,False,False,False,False,0,139.12600708007812,0.0,0.0,0.0,0.0,0.0,0.0
2022-04-29,2022-04-29,2022-04-29,2022-05-06,flat,False,False,0.0,0.0,0.0,no_signal,none,False,False,False,False,0,137.39100646972656,-0.0,0.0,0.0,0.0,0.0,-0.0
2022-05-06,2022-05-06,2022-05-06,2022-05-13,flat,False,False,0.0,0.0,0.0,no_signal,none,False,False,False,False,0,137.36700439453125,0.0,0.0,0.0,0.0,0.0,0.0
2022-05-13,2022-05-13,2022-05-13,2022-05-20,flat,False,False,0.0,0.0,0.0,no_signal,none,False,False,False,False,0,133.45799255371094,-0.0,0.0,0.0,0.0,0.0,-0.0
2022-05-20,2022-05-20,2022-05-20,2022-05-27,flat,False,False,0.0,0.0,0.0,no_signal,none,False,False,False,False,0,135.2209930419922,0.0,0.0,0.0,0.0,0.0,0.0
2022-05-27,2022-05-27,2022-05-27,2022-06-03,flat,False,False,0.0,0.0,0.0,no_signal,none,False,False,False,False,0,136.33999633789062,0.0,0.0,0.0,0.0,0.0,0.0
2022-06-03,2022-06-03,2022-06-03,2022-06-10,flat,False,False,0.0,0.0,0.0,no_signal,none,False,False,False,False,0,139.66799926757812,0.0,0.0,0.0,0.0,0.0,0.0
2022-06-10,2022-06-10,2022-06-10,2022-06-17,flat,False,False,0.0,0.0,0.0,no_signal,none,False,False,False,False,0,142.72999572753906,0.0,0.0,0.0,0.0,0.0,0.0
2022-06-17,2022-06-17,2022-06-17,2022-06-24,flat,False,False,0.0,0.0,0.0,no_signal,none,False,False,False,False,0,139.66400146484375,0.0,0.0,0.0,0.0,0.0,0.0
2022-06-24,2022-06-24,2022-06-24,2022-07-01,flat,False,False,0.0,0.0,0.0,no_signal,none,False,False,False,False,0,141.8459930419922,0.0,0.0,0.0,0.0,0.0,0.0
2022-07-01,2022-07-01,2022-07-01,2022-07-08,flat,False,False,0.0,0.0,0.0,no_signal,none,False,False,False,False,0,142.26400756835938,-0.0,0.0,0.0,0.0,0.0,-0.0
2022-07-08,2022-07-08,2022-07-08,2022-07-15,flat,False,False,0.0,0.0,0.0,no_signal,none,False,False,False,False,0,138.18699645996094,-0.0,0.0,0.0,0.0,0.0,-0.0
2022-07-15,2022-07-15,2022-07-15,2022-07-22,flat,False,False,0.0,0.0,0.0,no_signal,none,False,False,False,False,0,139.32899475097656,0.0,0.0,0.0,0.0,0.0,0.0
2022-07-22,2022-07-22,2022-07-22,2022-07-29,flat,False,False,0.0,0.0,0.0,no_signal,none,False,False,False,False,0,140.12600708007812,-0.0,0.0,0.0,0.0,0.0,-0.0
2022-07-29,2022-07-29,2022-07-29,2022-08-05,flat,False,False,0.0,0.0,0.0,no_signal,none,False,False,False,False,0,136.97300720214844,-0.0,0.0,0.0,0.0,0.0,-0.0
2022-08-05,2022-08-05,2022-08-05,2022-08-12,flat,False,False,0.0,0.0,0.0,no_signal,none,False,False,False,False,0,135.8990020751953,0.0,0.0,0.0,0.0,0.0,0.0
2022-08-12,2022-08-12,2022-08-12,2022-08-19,flat,False,False,0.0,0.0,0.0,no_signal,none,False,False,False,False,0,137.25399780273438,-0.0,0.0,0.0,0.0,0.0,-0.0
2022-08-19,2022-08-19,2022-08-19,2022-08-26,flat,False,False,0.0,0.0,0.0,no_signal,none,False,False,False,False,0,137.01199340820312,0.0,0.0,0.0,0.0,0.0,0.0
2022-08-26,2022-08-26,2022-08-26,2022-09-02,flat,False,False,0.0,0.0,0.0,no_signal,none,False,False,False,False,0,136.16600036621094,-0.0,0.0,0.0,0.0,0.0,-0.0
2022-09-02,2022-09-02,2022-09-02,2022-09-09,flat,False,False,0.0,0.0,0.0,no_signal,none,False,False,False,False,0,139.4040069580078,0.0,0.0,0.0,0.0,0.0,0.0
2022-09-09,2022-09-09,2022-09-09,2022-09-16,flat,False,False,0.0,0.0,0.0,no_signal,none,False,False,False,False,0,143.99000549316406,0.0,0.0,0.0,0.0,0.0,0.0
2022-09-16,2022-09-16,2022-09-16,2022-09-23,flat,False,False,0.0,0.0,0.0,no_signal,none,False,False,False,False,0,143.19000244140625,-0.0,0.0,0.0,0.0,0.0,-0.0
2022-09-23,2022-09-23,2022-09-23,2022-09-30,flat,False,False,0.0,0.0,0.0,no_signal,none,False,False,False,False,0,139.99899291992188,-0.0,0.0,0.0,0.0,0.0,-0.0
2022-09-30,2022-09-30,2022-09-30,2022-10-07,flat,False,False,0.0,0.0,0.0,no_signal,none,False,False,False,False,0,141.96200561523438,0.0,0.0,0.0,0.0,0.0,0.0
2022-10-07,2022-10-07,2022-10-07,2022-10-14,flat,False,False,0.0,0.0,0.0,no_signal,none,False,False,False,False,0,141.9709930419922,-0.0,0.0,0.0,0.0,0.0,-0.0
2022-10-14,2022-10-14,2022-10-14,2022-10-21,flat,False,False,0.0,0.0,0.0,no_signal,none,False,False,False,False,0,143.88999938964844,0.0,0.0,0.0,0.0,0.0,0.0
2022-10-21,2022-10-21,2022-10-21,2022-10-28,flat,False,False,0.0,0.0,0.0,no_signal,none,False,False,False,False,0,146.8419952392578,0.0,0.0,0.0,0.0,0.0,0.0
2022-10-28,2022-10-28,2022-10-28,2022-11-04,flat,False,False,0.0,0.0,0.0,no_signal,none,False,False,False,False,0,145.79299926757812,0.0,0.0,0.0,0.0,0.0,0.0
2022-11-04,2022-11-04,2022-11-04,2022-11-11,flat,False,False,0.0,0.0,0.0,no_signal,none,False,False,False,False,0,144.66200256347656,-0.0,0.0,0.0,0.0,0.0,-0.0
2022-11-11,2022-11-11,2022-11-11,2022-11-18,flat,False,False,0.0,0.0,0.0,no_signal,none,False,False,False,False,0,144.44200134277344,-0.0,0.0,0.0,0.0,0.0,-0.0
2022-11-18,2022-11-18,2022-11-18,2022-11-25,flat,False,False,0.0,0.0,0.0,no_signal,none,False,False,False,False,0,145.4810028076172,0.0,0.0,0.0,0.0,0.0,0.0
2022-11-25,2022-11-25,2022-11-25,2022-12-02,flat,False,False,0.0,0.0,0.0,no_signal,none,False,False,False,False,0,144.24899291992188,-0.0,0.0,0.0,0.0,0.0,-0.0
2022-12-02,2022-12-02,2022-12-02,2022-12-09,flat,False,False,0.0,0.0,0.0,no_signal,none,False,False,False,False,0,142.28399658203125,-0.0,0.0,0.0,0.0,0.0,-0.0
2022-12-09,2022-12-09,2022-12-09,2022-12-16,flat,False,False,0.0,0.0,0.0,no_signal,none,False,False,False,False,0,144.22300720214844,0.0,0.0,0.0,0.0,0.0,0.0
2022-12-16,2022-12-16,2022-12-16,2022-12-23,flat,False,False,0.0,0.0,0.0,no_signal,none,False,False,False,False,0,146.55140686035156,0.0,0.0,0.0,0.0,0.0,0.0
2022-12-23,2022-12-23,2022-12-23,2022-12-30,flat,False,False,0.0,0.0,0.0,no_signal,none,False,False,False,False,0,140.28399658203125,-0.0,0.0,0.0,0.0,0.0,-0.0
2022-12-30,2022-12-30,2022-12-30,2023-01-06,flat,False,False,0.0,0.0,0.0,no_signal,none,False,False,False,False,0,141.69400024414062,-0.0,0.0,0.0,0.0,0.0,-0.0
2023-01-06,2023-01-06,2023-01-06,2023-01-13,flat,False,False,0.0,0.0,0.0,no_signal,none,False,False,False,False,0,140.25999450683594,0.0,0.0,0.0,0.0,0.0,0.0
2023-01-13,2023-01-13,2023-01-13,2023-01-20,flat,False,False,0.0,0.0,0.0,no_signal,none,False,False,False,False,0,140.27499389648438,-0.0,0.0,0.0,0.0,0.0,-0.0
2023-01-20,2023-01-20,2023-01-20,2023-01-27,flat,False,False,0.0,0.0,0.0,no_signal,none,False,False,False,False,0,139.0679931640625,0.0,0.0,0.0,0.0,0.0,0.0
2023-01-27,2023-01-27,2023-01-27,2023-02-03,flat,False,False,0.0,0.0,0.0,no_signal,none,False,False,False,False,0,141.39300537109375,0.0,0.0,0.0,0.0,0.0,0.0
2023-02-03,2023-02-03,2023-02-03,2023-02-10,flat,False,False,0.0,0.0,0.0,no_signal,none,False,False,False,False,0,140.3800048828125,0.0,0.0,0.0,0.0,0.0,0.0
2023-02-10,2023-02-10,2023-02-10,2023-02-17,flat,False,False,0.0,0.0,0.0,no_signal,none,False,False,False,False,0,141.24000549316406,-0.0,0.0,0.0,0.0,0.0,-0.0
2023-02-17,2023-02-17,2023-02-17,2023-02-24,flat,False,False,0.0,0.0,0.0,no_signal,none,False,False,False,False,0,142.99099731445312,0.0,0.0,0.0,0.0,0.0,0.0
2023-02-24,2023-02-24,2023-02-24,2023-03-03,flat,False,False,0.0,0.0,0.0,no_signal,none,False,False,False,False,0,142.66400146484375,0.0,0.0,0.0,0.0,0.0,0.0
2023-03-03,2023-03-03,2023-03-03,2023-03-10,flat,False,False,0.0,0.0,0.0,no_signal,none,False,False,False,False,0,144.89599609375,0.0,0.0,0.0,0.0,0.0,0.0
2023-03-10,2023-03-10,2023-03-10,2023-03-17,flat,False,False,0.0,0.0,0.0,no_signal,none,False,False,False,False,0,144.35499572753906,-0.0,0.0,0.0,0.0,0.0,-0.0
2023-03-17,2023-03-17,2023-03-17,2023-03-24,flat,False,False,0.0,0.0,0.0,no_signal,none,False,False,False,False,0,141.552001953125,-0.0,0.0,0.0,0.0,0.0,-0.0
2023-03-24,2023-03-24,2023-03-24,2023-03-31,flat,False,False,0.0,0.0,0.0,no_signal,none,False,False,False,False,0,141.78399658203125,-0.0,0.0,0.0,0.0,0.0,-0.0
2023-03-31,2023-03-31,2023-03-31,2023-04-07,flat,False,False,0.0,0.0,0.0,no_signal,none,False,False,False,False,0,145.24099731445312,0.0,0.0,0.0,0.0,0.0,0.0
2023-04-07,2023-04-07,2023-04-07,2023-04-14,flat,False,False,0.0,0.0,0.0,no_signal,none,False,False,False,False,0,143.7570037841797,0.0,0.0,0.0,0.0,0.0,0.0
2023-04-14,2023-04-14,2023-04-14,2023-04-21,flat,False,False,0.0,0.0,0.0,no_signal,none,False,False,False,False,0,146.41900634765625,0.0,0.0,0.0,0.0,0.0,0.0
2023-04-21,2023-04-21,2023-04-21,2023-04-28,flat,False,False,0.0,0.0,0.0,no_signal,none,False,False,False,False,0,146.96099853515625,0.0,0.0,0.0,0.0,0.0,0.0
2023-04-28,2023-04-28,2023-04-28,2023-05-05,flat,False,False,0.0,0.0,0.0,no_signal,none,False,False,False,False,0,147.51199340820312,0.0,0.0,0.0,0.0,0.0,0.0
2023-05-05,2023-05-05,2023-05-05,2023-05-12,flat,False,False,0.0,0.0,0.0,no_signal,none,False,False,False,False,0,147.8939971923828,-0.0,0.0,0.0,0.0,0.0,-0.0
2023-05-12,2023-05-12,2023-05-12,2023-05-19,flat,False,False,0.0,0.0,0.0,no_signal,none,False,False,False,False,0,146.76246643066406,-0.0,0.0,0.0,0.0,0.0,-0.0
2023-05-19,2023-05-19,2023-05-19,2023-05-26,flat,False,False,0.0,0.0,0.0,no_signal,none,False,False,False,False,0,149.3699951171875,0.0,0.0,0.0,0.0,0.0,0.0
2023-05-26,2023-05-26,2023-05-26,2023-06-02,flat,False,False,0.0,0.0,0.0,no_signal,none,False,False,False,False,0,150.1490020751953,0.0,0.0,0.0,0.0,0.0,0.0
2023-06-02,2023-06-02,2023-06-02,2023-06-09,flat,False,False,0.0,0.0,0.0,no_signal,none,False,False,False,False,0,149.29400634765625,-0.0,0.0,0.0,0.0,0.0,-0.0
2023-06-09,2023-06-09,2023-06-09,2023-06-16,flat,False,False,0.0,0.0,0.0,no_signal,none,False,False,False,False,0,149.72000122070312,-0.0,0.0,0.0,0.0,0.0,-0.0
2023-06-16,2023-06-16,2023-06-16,2023-06-23,flat,False,False,0.0,0.0,0.0,no_signal,none,False,False,False,False,0,153.52699279785156,0.0,0.0,0.0,0.0,0.0,0.0
2023-06-23,2023-06-23,2023-06-23,2023-06-30,flat,False,False,0.0,0.0,0.0,no_signal,none,False,False,False,False,0,156.6999969482422,0.0,0.0,0.0,0.0,0.0,0.0
2023-06-30,2023-06-30,2023-06-30,2023-07-07,flat,False,False,0.0,0.0,0.0,no_signal,none,False,False,False,False,0,157.34800720214844,0.0,0.0,0.0,0.0,0.0,0.0
2023-07-07,2023-07-07,2023-07-07,2023-07-14,flat,False,False,0.0,0.0,0.0,no_signal,none,False,False,False,False,0,156.75999450683594,-0.0,0.0,0.0,0.0,0.0,-0.0
2023-07-14,2023-07-14,2023-07-14,2023-07-21,flat,False,False,0.0,0.0,0.0,no_signal,none,False,False,False,False,0,154.95599365234375,-0.0,0.0,0.0,0.0,0.0,-0.0
2023-07-21,2023-07-21,2023-07-21,2023-07-28,flat,False,False,0.0,0.0,0.0,no_signal,none,False,False,False,False,0,155.718994140625,0.0,0.0,0.0,0.0,0.0,0.0
2023-07-28,2023-07-28,2023-07-28,2023-08-04,flat,False,False,0.0,0.0,0.0,no_signal,none,False,False,False,False,0,152.43099975585938,-0.0,0.0,0.0,0.0,0.0,-0.0
2023-08-04,2023-08-04,2023-08-04,2023-08-11,flat,False,False,0.0,0.0,0.0,no_signal,none,False,False,False,False,0,156.15499877929688,0.0,0.0,0.0,0.0,0.0,0.0
2023-08-11,2023-08-11,2023-08-11,2023-08-18,flat,False,False,0.0,0.0,0.0,no_signal,none,False,False,False,False,0,159.06399536132812,0.0,0.0,0.0,0.0,0.0,0.0
2023-08-18,2023-08-18,2023-08-18,2023-08-25,flat,False,False,0.0,0.0,0.0,no_signal,none,False,False,False,False,0,158.447998046875,-0.0,0.0,0.0,0.0,0.0,-0.0
2023-08-25,2023-08-25,2023-08-25,2023-09-01,flat,False,False,0.0,0.0,0.0,no_signal,none,False,False,False,False,0,157.72500610351562,0.0,0.0,0.0,0.0,0.0,0.0
2023-09-01,2023-09-01,2023-09-01,2023-09-08,flat,False,False,0.0,0.0,0.0,no_signal,none,False,False,False,False,0,157.74899291992188,-0.0,0.0,0.0,0.0,0.0,-0.0
2023-09-08,2023-09-08,2023-09-08,2023-09-15,flat,False,False,0.0,0.0,0.0,no_signal,none,False,False,False,False,0,157.60299682617188,0.0,0.0,0.0,0.0,0.0,0.0
2023-09-15,2023-09-15,2023-09-15,2023-09-22,flat,False,False,0.0,0.0,0.0,no_signal,none,False,False,False,False,0,156.8459930419922,0.0,0.0,0.0,0.0,0.0,0.0
2023-09-22,2023-09-22,2023-09-22,2023-09-29,flat,False,False,0.0,0.0,0.0,no_signal,none,False,False,False,False,0,157.39700317382812,0.0,0.0,0.0,0.0,0.0,0.0
2023-09-29,2023-09-29,2023-09-29,2023-10-06,flat,False,False,0.0,0.0,0.0,no_signal,none,False,False,False,False,0,157.7310028076172,-0.0,0.0,0.0,0.0,0.0,-0.0
2023-10-06,2023-10-06,2023-10-06,2023-10-13,flat,False,False,0.0,0.0,0.0,no_signal,none,False,False,False,False,0,156.56300354003906,-0.0,0.0,0.0,0.0,0.0,-0.0
2023-10-13,2023-10-13,2023-10-13,2023-10-20,flat,False,False,0.0,0.0,0.0,no_signal,none,False,False,False,False,0,157.81199645996094,-0.0,0.0,0.0,0.0,0.0,-0.0
2023-10-20,2023-10-20,2023-10-20,2023-10-27,flat,False,False,0.0,0.0,0.0,no_signal,none,False,False,False,False,0,158.54800415039062,0.0,0.0,0.0,0.0,0.0,0.0
2023-10-27,2023-10-27,2023-10-27,2023-11-03,flat,False,False,0.0,0.0,0.0,no_signal,none,False,False,False,False,0,158.8419952392578,-0.0,0.0,0.0,0.0,0.0,-0.0
2023-11-03,2023-11-03,2023-11-03,2023-11-10,flat,False,False,0.0,0.0,0.0,no_signal,none,False,False,False,False,0,159.75399780273438,0.0,0.0,0.0,0.0,0.0,0.0
2023-11-10,2023-11-10,2023-11-10,2023-11-17,flat,False,False,0.0,0.0,0.0,no_signal,none,False,False,False,False,0,161.4320068359375,0.0,0.0,0.0,0.0,0.0,0.0
2023-11-17,2023-11-17,2023-11-17,2023-11-24,flat,False,False,0.0,0.0,0.0,no_signal,none,False,False,False,False,0,163.55599975585938,0.0,0.0,0.0,0.0,0.0,0.0
2023-11-24,2023-11-24,2023-11-24,2023-12-01,flat,False,False,0.0,0.0,0.0,no_signal,none,False,False,False,False,0,163.16000366210938,0.0,0.0,0.0,0.0,0.0,0.0
2023-12-01,2023-12-01,2023-12-01,2023-12-08,flat,False,False,0.0,0.0,0.0,no_signal,none,False,False,False,False,0,161.1929931640625,-0.0,0.0,0.0,0.0,0.0,-0.0
2023-12-08,2023-12-08,2023-12-08,2023-12-15,flat,False,False,0.0,0.0,0.0,no_signal,none,False,False,False,False,0,155.66900634765625,-0.0,0.0,0.0,0.0,0.0,-0.0
2023-12-15,2023-12-15,2023-12-15,2023-12-22,flat,False,False,0.0,0.0,0.0,no_signal,none,False,False,False,False,0,156.4080047607422,-0.0,0.0,0.0,0.0,0.0,-0.0
2023-12-22,2023-12-22,2023-12-22,2023-12-29,flat,False,False,0.0,0.0,0.0,no_signal,none,False,False,False,False,0,156.3070068359375,0.0,0.0,0.0,0.0,0.0,0.0
2023-12-29,2023-12-29,2023-12-29,2024-01-05,flat,False,False,0.0,0.0,0.0,no_signal,none,False,False,False,False,0,156.52699279785156,-0.0,0.0,0.0,0.0,0.0,-0.0
2024-01-05,2024-01-05,2024-01-05,2024-01-12,flat,False,False,0.0,0.0,0.0,no_signal,none,False,False,False,False,0,158.46800231933594,0.0,0.0,0.0,0.0,0.0,0.0
2024-01-12,2024-01-12,2024-01-12,2024-01-19,flat,False,False,0.0,0.0,0.0,no_signal,none,False,False,False,False,0,159.26800537109375,0.0,0.0,0.0,0.0,0.0,0.0
2024-01-19,2024-01-19,2024-01-19,2024-01-26,flat,False,False,0.0,0.0,0.0,no_signal,none,False,False,False,False,0,161.1269989013672,0.0,0.0,0.0,0.0,0.0,0.0
2024-01-26,2024-01-26,2024-01-26,2024-02-02,flat,False,False,0.0,0.0,0.0,no_signal,none,False,False,False,False,0,160.218994140625,-0.0,0.0,0.0,0.0,0.0,-0.0
2024-02-02,2024-02-02,2024-02-02,2024-02-09,flat,False,False,0.0,0.0,0.0,no_signal,none,False,False,False,False,0,159.24899291992188,-0.0,0.0,0.0,0.0,0.0,-0.0
2024-02-09,2024-02-09,2024-02-09,2024-02-16,flat,False,False,0.0,0.0,0.0,no_signal,none,False,False,False,False,0,160.8459930419922,0.0,0.0,0.0,0.0,0.0,0.0
2024-02-16,2024-02-16,2024-02-16,2024-02-23,flat,False,False,0.0,0.0,0.0,no_signal,none,False,False,False,False,0,161.53399658203125,0.0,0.0,0.0,0.0,0.0,0.0
2024-02-23,2024-02-23,2024-02-23,2024-03-01,flat,False,False,0.0,0.0,0.0,no_signal,none,False,False,False,False,0,162.8979949951172,0.0,0.0,0.0,0.0,0.0,0.0
2024-03-01,2024-03-01,2024-03-01,2024-03-08,flat,False,False,0.0,0.0,0.0,no_signal,none,False,False,False,False,0,162.16700744628906,-0.0,0.0,0.0,0.0,0.0,-0.0
2024-03-08,2024-03-08,2024-03-08,2024-03-15,flat,False,False,0.0,0.0,0.0,no_signal,none,False,False,False,False,0,161.9080047607422,-0.0,0.0,0.0,0.0,0.0,-0.0
2024-03-15,2024-03-15,2024-03-15,2024-03-22,flat,False,False,0.0,0.0,0.0,no_signal,none,False,False,False,False,0,161.3769989013672,0.0,0.0,0.0,0.0,0.0,0.0
2024-03-22,2024-03-22,2024-03-22,2024-03-29,flat,False,False,0.0,0.0,0.0,no_signal,none,False,False,False,False,0,164.7030029296875,0.0,0.0,0.0,0.0,0.0,0.0
2024-03-29,2024-03-29,2024-03-29,2024-04-05,flat,False,False,0.0,0.0,0.0,no_signal,none,False,False,False,False,0,163.41000366210938,-0.0,0.0,0.0,0.0,0.0,-0.0
2024-04-05,2024-04-05,2024-04-05,2024-04-12,flat,False,False,0.0,0.0,0.0,no_signal,none,False,False,False,False,0,163.94500732421875,0.0,0.0,0.0,0.0,0.0,0.0
2024-04-12,2024-04-12,2024-04-12,2024-04-19,flat,False,False,0.0,0.0,0.0,no_signal,none,False,False,False,False,0,164.31700134277344,-0.0,0.0,0.0,0.0,0.0,-0.0
2024-04-19,2024-04-19,2024-04-19,2024-04-26,flat,False,False,0.0,0.0,0.0,no_signal,none,False,False,False,False,0,164.5590057373047,0.0,0.0,0.0,0.0,0.0,0.0
2024-04-26,2024-04-26,2024-04-26,2024-05-03,flat,False,False,0.0,0.0,0.0,no_signal,none,False,False,False,False,0,166.9080047607422,0.0,0.0,0.0,0.0,0.0,0.0
2024-05-03,2024-05-03,2024-05-03,2024-05-10,flat,False,False,0.0,0.0,0.0,no_signal,none,False,False,False,False,0,164.21600341796875,-0.0,0.0,0.0,0.0,0.0,-0.0
2024-05-10,2024-05-10,2024-05-10,2024-05-17,flat,False,False,0.0,0.0,0.0,no_signal,none,False,False,False,False,0,167.53399658203125,0.0,0.0,0.0,0.0,0.0,0.0
2024-05-17,2024-05-17,2024-05-17,2024-05-24,flat,False,False,0.0,0.0,0.0,no_signal,none,False,False,False,False,0,168.85400390625,0.0,0.0,0.0,0.0,0.0,0.0
2024-05-24,2024-05-24,2024-05-24,2024-05-31,flat,False,False,0.0,0.0,0.0,no_signal,none,False,False,False,False,0,169.71400451660156,0.0,0.0,0.0,0.0,0.0,0.0
2024-05-31,2024-05-31,2024-05-31,2024-06-07,flat,False,False,0.0,0.0,0.0,no_signal,none,False,False,False,False,0,169.99600219726562,0.0,0.0,0.0,0.0,0.0,0.0
2024-06-07,2024-06-07,2024-06-07,2024-06-14,flat,False,False,0.0,0.0,0.0,no_signal,none,False,False,False,False,0,169.5749969482422,-0.0,0.0,0.0,0.0,0.0,-0.0
2024-06-14,2024-06-14,2024-06-14,2024-06-21,flat,False,False,0.0,0.0,0.0,no_signal,none,False,False,False,False,0,168.7259979248047,-0.0,0.0,0.0,0.0,0.0,-0.0
2024-06-21,2024-06-21,2024-06-21,2024-06-28,flat,False,False,0.0,0.0,0.0,no_signal,none,False,False,False,False,0,170.1510009765625,0.0,0.0,0.0,0.0,0.0,0.0
2024-06-28,2024-06-28,2024-06-28,2024-07-05,flat,False,False,0.0,0.0,0.0,no_signal,none,False,False,False,False,0,172.06500244140625,0.0,0.0,0.0,0.0,0.0,0.0
2024-07-05,2024-07-05,2024-07-05,2024-07-12,flat,False,False,0.0,0.0,0.0,no_signal,none,False,False,False,False,0,174.4290008544922,0.0,0.0,0.0,0.0,0.0,0.0
2024-07-12,2024-07-12,2024-07-12,2024-07-19,flat,False,False,0.0,0.0,0.0,no_signal,none,False,False,False,False,0,172.0070037841797,-0.0,0.0,0.0,0.0,0.0,-0.0
2024-07-19,2024-07-19,2024-07-19,2024-07-26,flat,False,False,0.0,0.0,0.0,no_signal,none,False,False,False,False,0,171.31700134277344,-0.0,0.0,0.0,0.0,0.0,-0.0
2024-07-26,2024-07-26,2024-07-26,2024-08-02,flat,False,False,0.0,0.0,0.0,no_signal,none,False,False,False,False,0,166.76100158691406,-0.0,0.0,0.0,0.0,0.0,-0.0
2024-08-02,2024-08-02,2024-08-02,2024-08-09,flat,False,False,0.0,0.0,0.0,no_signal,none,False,False,False,False,0,160.9459991455078,-0.0,0.0,0.0,0.0,0.0,-0.0
2024-08-09,2024-08-09,2024-08-09,2024-08-16,flat,False,False,0.0,0.0,0.0,no_signal,none,False,False,False,False,0,161.1909942626953,0.0,0.0,0.0,0.0,0.0,0.0
2024-08-16,2024-08-16,2024-08-16,2024-08-23,flat,False,False,0.0,0.0,0.0,no_signal,none,False,False,False,False,0,163.7259979248047,0.0,0.0,0.0,0.0,0.0,0.0
2024-08-23,2024-08-23,2024-08-23,2024-08-30,flat,False,False,0.0,0.0,0.0,no_signal,none,False,False,False,False,0,162.5240020751953,-0.0,0.0,0.0,0.0,0.0,-0.0
2024-08-30,2024-08-30,2024-08-30,2024-09-06,flat,False,False,0.0,0.0,0.0,no_signal,none,False,False,False,False,0,160.53700256347656,0.0,0.0,0.0,0.0,0.0,0.0
2024-09-06,2024-09-06,2024-09-06,2024-09-13,flat,False,False,0.0,0.0,0.0,no_signal,none,False,False,False,False,0,159.32000732421875,-0.0,0.0,0.0,0.0,0.0,-0.0
2024-09-13,2024-09-13,2024-09-13,2024-09-20,flat,False,False,0.0,0.0,0.0,no_signal,none,False,False,False,False,0,156.75,-0.0,0.0,0.0,0.0,0.0,-0.0
2024-09-20,2024-09-20,2024-09-20,2024-09-27,flat,False,False,0.0,0.0,0.0,no_signal,none,False,False,False,False,0,159.41400146484375,0.0,0.0,0.0,0.0,0.0,0.0
2024-09-27,2024-09-27,2024-09-27,2024-10-04,flat,False,False,0.0,0.0,0.0,no_signal,none,False,False,False,False,0,162.12600708007812,-0.0,0.0,0.0,0.0,0.0,-0.0
2024-10-04,2024-10-04,2024-10-04,2024-10-11,flat,False,False,0.0,0.0,0.0,no_signal,none,False,False,False,False,0,162.04100036621094,0.0,0.0,0.0,0.0,0.0,0.0
2024-10-11,2024-10-11,2024-10-11,2024-10-18,flat,False,False,0.0,0.0,0.0,no_signal,none,False,False,False,False,0,162.58200073242188,-0.0,0.0,0.0,0.0,0.0,-0.0
2024-10-18,2024-10-18,2024-10-18,2024-10-25,flat,False,False,0.0,0.0,0.0,no_signal,none,False,False,False,False,0,162.5449981689453,-0.0,0.0,0.0,0.0,0.0,-0.0
2024-10-25,2024-10-25,2024-10-25,2024-11-01,flat,False,False,0.0,0.0,0.0,no_signal,none,False,False,False,False,0,164.28900146484375,0.0,0.0,0.0,0.0,0.0,0.0
2024-11-01,2024-11-01,2024-11-01,2024-11-08,flat,False,False,0.0,0.0,0.0,no_signal,none,False,False,False,False,0,165.41099548339844,0.0,0.0,0.0,0.0,0.0,0.0
2024-11-08,2024-11-08,2024-11-08,2024-11-15,flat,False,False,0.0,0.0,0.0,no_signal,none,False,False,False,False,0,165.3520050048828,-0.0,0.0,0.0,0.0,0.0,-0.0
2024-11-15,2024-11-15,2024-11-15,2024-11-22,flat,False,False,0.0,0.0,0.0,no_signal,none,False,False,False,False,0,164.75999450683594,-0.0,0.0,0.0,0.0,0.0,-0.0
2024-11-22,2024-11-22,2024-11-22,2024-11-29,flat,False,False,0.0,0.0,0.0,no_signal,none,False,False,False,False,0,161.44200134277344,-0.0,0.0,0.0,0.0,0.0,-0.0
2024-11-29,2024-11-29,2024-11-29,2024-12-06,flat,False,False,0.0,0.0,0.0,no_signal,none,False,False,False,False,0,159.6540069580078,-0.0,0.0,0.0,0.0,0.0,-0.0
2024-12-06,2024-12-06,2024-12-06,2024-12-13,flat,False,False,0.0,0.0,0.0,no_signal,none,False,False,False,False,0,158.9884796142578,0.0,0.0,0.0,0.0,0.0,0.0
2024-12-13,2024-12-13,2024-12-13,2024-12-20,flat,False,False,0.0,0.0,0.0,no_signal,none,False,False,False,False,0,159.81399536132812,0.0,0.0,0.0,0.0,0.0,0.0
2024-12-20,2024-12-20,2024-12-20,2024-12-27,flat,False,False,0.0,0.0,0.0,no_signal,none,False,False,False,False,0,163.39199829101562,0.0,0.0,0.0,0.0,0.0,0.0
2024-12-27,2024-12-27,2024-12-27,2025-01-03,flat,False,False,0.0,0.0,0.0,no_signal,none,False,False,False,False,0,164.4550018310547,0.0,0.0,0.0,0.0,0.0,0.0
2025-01-03,2025-01-03,2025-01-03,2025-01-10,flat,False,False,0.0,0.0,0.0,no_signal,none,False,False,False,False,0,161.55999755859375,-0.0,0.0,0.0,0.0,0.0,-0.0
2025-01-10,2025-01-10,2025-01-10,2025-01-17,flat,False,False,0.0,0.0,0.0,no_signal,none,False,False,False,False,0,162.7480010986328,-0.0,0.0,0.0,0.0,0.0,-0.0
2025-01-17,2025-01-17,2025-01-17,2025-01-24,flat,False,False,0.0,0.0,0.0,no_signal,none,False,False,False,False,0,160.03500366210938,-0.0,0.0,0.0,0.0,0.0,-0.0
2025-01-24,2025-01-24,2025-01-24,2025-01-31,flat,False,False,0.0,0.0,0.0,no_signal,none,False,False,False,False,0,162.6320037841797,0.0,0.0,0.0,0.0,0.0,0.0
2025-01-31,2025-01-31,2025-01-31,2025-02-07,flat,False,False,0.0,0.0,0.0,no_signal,none,False,False,False,False,0,160.20700073242188,-0.0,0.0,0.0,0.0,0.0,-0.0
2025-02-07,2025-02-07,2025-02-07,2025-02-14,flat,False,False,0.0,0.0,0.0,no_signal,none,False,False,False,False,0,157.01699829101562,-0.0,0.0,0.0,0.0,0.0,-0.0
2025-02-14,2025-02-14,2025-02-14,2025-02-21,flat,False,False,0.0,0.0,0.0,no_signal,none,False,False,False,False,0,160.03799438476562,0.0,0.0,0.0,0.0,0.0,0.0
2025-02-21,2025-02-21,2025-02-21,2025-02-28,flat,False,False,0.0,0.0,0.0,no_signal,none,False,False,False,False,0,156.87899780273438,-0.0,0.0,0.0,0.0,0.0,-0.0
2025-02-28,2025-02-28,2025-02-28,2025-03-07,flat,False,False,0.0,0.0,0.0,no_signal,none,False,False,False,False,0,155.92799377441406,0.0,0.0,0.0,0.0,0.0,0.0
2025-03-07,2025-03-07,2025-03-07,2025-03-14,flat,False,False,0.0,0.0,0.0,no_signal,none,False,False,False,False,0,159.75900268554688,0.0,0.0,0.0,0.0,0.0,0.0
2025-03-14,2025-03-14,2025-03-14,2025-03-21,flat,False,False,0.0,0.0,0.0,no_signal,none,False,False,False,False,0,160.59800720214844,0.0,0.0,0.0,0.0,0.0,0.0
2025-03-21,2025-03-21,2025-03-21,2025-03-28,flat,False,False,0.0,0.0,0.0,no_signal,none,False,False,False,False,0,161.322998046875,0.0,0.0,0.0,0.0,0.0,0.0
2025-03-28,2025-03-28,2025-03-28,2025-04-04,flat,False,False,0.0,0.0,0.0,no_signal,none,False,False,False,False,0,162.91000366210938,-0.0,0.0,0.0,0.0,0.0,-0.0
2025-04-04,2025-04-04,2025-04-04,2025-04-11,flat,False,False,0.0,0.0,0.0,no_signal,none,False,False,False,False,0,161.4810028076172,-0.0,0.0,0.0,0.0,0.0,-0.0
2025-04-11,2025-04-11,2025-04-11,2025-04-18,flat,False,False,0.0,0.0,0.0,no_signal,none,False,False,False,False,0,161.822998046875,0.0,0.0,0.0,0.0,0.0,0.0
2025-04-18,2025-04-18,2025-04-18,2025-04-25,flat,False,False,0.0,0.0,0.0,no_signal,none,False,False,False,False,0,161.71299743652344,-0.0,0.0,0.0,0.0,0.0,-0.0
2025-04-25,2025-04-25,2025-04-25,2025-05-02,flat,False,False,0.0,0.0,0.0,no_signal,none,False,False,False,False,0,162.46299743652344,0.0,0.0,0.0,0.0,0.0,0.0
2025-05-02,2025-05-02,2025-05-02,2025-05-09,flat,False,False,0.0,0.0,0.0,no_signal,none,False,False,False,False,0,164.2969970703125,0.0,0.0,0.0,0.0,0.0,0.0
2025-05-09,2025-05-09,2025-05-09,2025-05-16,flat,False,False,0.0,0.0,0.0,no_signal,none,False,False,False,False,0,163.8769989013672,0.0,0.0,0.0,0.0,0.0,0.0
2025-05-16,2025-05-16,2025-05-16,2025-05-23,flat,False,False,0.0,0.0,0.0,no_signal,none,False,False,False,False,0,162.96600341796875,-0.0,0.0,0.0,0.0,0.0,-0.0
2025-05-23,2025-05-23,2025-05-23,2025-05-30,flat,False,False,0.0,0.0,0.0,no_signal,none,False,False,False,False,0,162.28700256347656,-0.0,0.0,0.0,0.0,0.0,-0.0
2025-05-30,2025-05-30,2025-05-30,2025-06-06,flat,False,False,0.0,0.0,0.0,no_signal,none,False,False,False,False,0,163.5780029296875,0.0,0.0,0.0,0.0,0.0,0.0
2025-06-06,2025-06-06,2025-06-06,2025-06-13,flat,False,False,0.0,0.0,0.0,no_signal,none,False,False,False,False,0,164.39700317382812,0.0,0.0,0.0,0.0,0.0,0.0
2025-06-13,2025-06-13,2025-06-13,2025-06-20,flat,False,False,0.0,0.0,0.0,no_signal,none,False,False,False,False,0,166.08299255371094,0.0,0.0,0.0,0.0,0.0,0.0
2025-06-20,2025-06-20,2025-06-20,2025-06-27,flat,False,False,0.0,0.0,0.0,no_signal,none,False,False,False,False,0,167.1529998779297,0.0,0.0,0.0,0.0,0.0,0.0
2025-06-27,2025-06-27,2025-06-27,2025-07-04,flat,False,False,0.0,0.0,0.0,no_signal,none,False,False,False,False,0,169.15699768066406,0.0,0.0,0.0,0.0,0.0,0.0
2025-07-04,2025-07-04,2025-07-04,2025-07-11,flat,False,False,0.0,0.0,0.0,no_signal,none,False,False,False,False,0,170.30299377441406,0.0,0.0,0.0,0.0,0.0,0.0
2025-07-11,2025-07-11,2025-07-11,2025-07-18,flat,False,False,0.0,0.0,0.0,no_signal,none,False,False,False,False,0,171.16700744628906,0.0,0.0,0.0,0.0,0.0,0.0
2025-07-18,2025-07-18,2025-07-18,2025-07-25,flat,False,False,0.0,0.0,0.0,no_signal,none,False,False,False,False,0,172.41299438476562,0.0,0.0,0.0,0.0,0.0,0.0
2025-07-25,2025-07-25,2025-07-25,2025-08-01,flat,False,False,0.0,0.0,0.0,no_signal,none,False,False,False,False,0,172.80799865722656,0.0,0.0,0.0,0.0,0.0,0.0
2025-08-01,2025-08-01,2025-08-01,2025-08-08,flat,False,False,0.0,0.0,0.0,no_signal,none,False,False,False,False,0,172.22300720214844,-0.0,0.0,0.0,0.0,0.0,-0.0
2025-08-08,2025-08-08,2025-08-08,2025-08-15,flat,False,False,0.0,0.0,0.0,no_signal,none,False,False,False,False,0,171.44900512695312,0.0,0.0,0.0,0.0,0.0,0.0
2025-08-15,2025-08-15,2025-08-15,2025-08-22,flat,False,False,0.0,0.0,0.0,no_signal,none,False,False,False,False,0,172.06985473632812,0.0,0.0,0.0,0.0,0.0,0.0
2025-08-22,2025-08-22,2025-08-22,2025-08-29,flat,False,False,0.0,0.0,0.0,no_signal,none,False,False,False,False,0,172.31500244140625,-0.0,0.0,0.0,0.0,0.0,-0.0
2025-08-29,2025-08-29,2025-08-29,,flat,False,False,0.0,0.0,0.0,no_signal,none,False,False,False,False,0,171.4720001220703,0.0,0.0,0.0,0.0,0.0,0.0
